user_id,Stt,rating,artistID,name,song_title,genre
1,ID_309,4,309,Hoàng Anh Phi,Lời Yêu Say (291),R&B
1,ID_426,4,426,Bùi Ngọc Lan,Tình Sầu (533),R&B
1,ID_501,3,501,Phan Đức Linh,Phố Thương (171),Bolero
1,ID_371,5,371,Hoàng Xuân Hà,Hoa Thương (427),Rap
1,ID_282,3,282,Trần Văn Hạnh,Giấc Mơ Mơ (101),R&B
1,ID_268,3,268,Lê Quang Tuấn,Hoa Nhớ (861),Dance
1,ID_67,4,67,Lý Đức Huy,Đường Đau (814),R&B
1,ID_39,4,39,Trần Đức Mai,Mưa Say (265),Bolero
1,ID_588,3,588,Vũ Xuân Cường,Gió Nhớ (552),Ballad
1,ID_28,3,28,Hồ Ngọc Phúc,Phố Quên (884),Rap
1,ID_238,5,238,Dương Ngọc Đông,Biển Xa (843),Lo-fi
1,ID_255,3,255,Phan Phương Tâm,Mưa Thương (368),Pop
1,ID_520,4,520,Đặng Tuấn Dũng,Đường Nhớ (330),Rock
1,ID_270,5,270,Nguyễn Ngọc Quân,Nắng Thương (728),Pop
1,ID_12,4,12,Lê Ngọc Dũng,Gió Xa (928),Rap
1,ID_413,4,413,Trần Văn Sơn,Mây Lạ (845),Lo-fi
1,ID_6,5,6,Trương Ngọc Trang,Lời Yêu Thương (186),Rock
1,ID_474,5,474,Đỗ Hữu Đông,Đường Nhớ (882),Rap
1,ID_459,3,459,Ngô Anh Phúc,Trăng Sầu (382),Bolero
1,ID_599,4,599,Lý Bảo Hạnh,Mây Đau (513),Ballad
1,ID_80,4,80,Đỗ Đức Dũng,Tình Quên (801),Rock
1,ID_230,4,230,Vũ Thị Hà,Phố Lặng (381),Pop
1,ID_303,4,303,Ngô Hữu Mai,Đường Vui (820),Bolero
1,ID_143,5,143,Lý Minh Lan,Giấc Mơ Đau (316),Ballad
1,ID_135,5,135,Vũ Minh Phi,Giấc Mơ Vui (831),Lo-fi
1,ID_225,3,225,Dương Anh Huy,Giấc Mơ Buồn (699),Rap
1,ID_469,5,469,Đặng Tuấn Trang,Gió Lạ (608),Rock
1,ID_591,3,591,Nguyễn Anh Huy,Kỷ Niệm Say (927),Pop
1,ID_157,3,157,Trương Anh Tâm,Tình Lặng (867),Jazz
1,ID_139,5,139,Ngô Anh Cường,Nắng Xa (944),Bolero
1,ID_418,3,418,Lý Phương Đông,Gió Mơ (226),Rap
1,ID_390,4,390,Trần Văn Linh,Mưa Rơi (252),Jazz
1,ID_78,4,78,Ngô Thị Mai,Mây Lạ (614),Indie
1,ID_308,5,308,Vũ Tuấn Huy,Trăng Say (270),Bolero
1,ID_211,3,211,Hoàng Bảo Cường,Mây Lặng (318),Jazz
1,ID_187,4,187,Hoàng Quang Phi,Phố Buồn (638),Rap
1,ID_142,4,142,Lý Anh Quân,Nắng Say (530),Indie
1,ID_253,4,253,Vũ Xuân Tuấn,Tình Buồn (431),Dance
1,ID_202,3,202,Lý Tuấn Tuấn,Hoa Mơ (480),R&B
1,ID_532,5,532,Dương Xuân Nam,Kỷ Niệm Xa (936),Bolero
2,ID_46,3,46,Lê Ngọc Tuấn,Mưa Thương (367),R&B
2,ID_216,3,216,Trương Tuấn Hà,Mưa Thương (549),Bolero
2,ID_176,5,176,Đỗ Tuấn Hà,Kỷ Niệm Say (979),Rock
2,ID_424,4,424,Hồ Hữu Trang,Tình Nhớ (897),Rock
2,ID_426,3,426,Bùi Ngọc Lan,Tình Sầu (533),R&B
2,ID_518,3,518,Bùi Ngọc Mai,Lời Yêu Say (785),Pop
2,ID_93,4,93,Trần Phương Phi,Lời Yêu Nhớ (196),Bolero
2,ID_82,5,82,Phan Đức Dũng,Biển Lặng (299),Jazz
2,ID_98,4,98,Đặng Ngọc Sơn,Lời Yêu Say (803),Indie
2,ID_341,4,341,Phan Hữu Đông,Gió Rơi (554),Bolero
2,ID_146,4,146,Phan Anh Mai,Trăng Xa (711),Pop
2,ID_143,5,143,Lý Minh Lan,Giấc Mơ Đau (316),Ballad
2,ID_149,4,149,Đỗ Thị Mai,Trăng Đau (344),Pop
2,ID_501,3,501,Phan Đức Linh,Phố Thương (171),Bolero
2,ID_133,3,133,Dương Phương Linh,Đường Nhớ (508),Pop
2,ID_361,3,361,Dương Văn Hương,Kỷ Niệm Say (604),Ballad
2,ID_293,4,293,Phan Hữu Phi,Phố Quên (846),Indie
2,ID_4,3,4,Ngô Phương Đông,Lời Yêu Lặng (820),Ballad
2,ID_400,4,400,Hồ Minh Trang,Trăng Vui (353),R&B
2,ID_335,5,335,Phạm Tuấn Dũng,Kỷ Niệm Mơ (402),Dance
2,ID_242,4,242,Bùi Thị Quân,Đường Vui (107),Rock
2,ID_472,4,472,Nguyễn Văn Đông,Lời Yêu Sầu (461),Dance
2,ID_577,3,577,Ngô Thị Tuấn,Phố Thương (617),Dance
2,ID_479,4,479,Nguyễn Thị Nam,Kỷ Niệm Vui (871),Rock
2,ID_384,3,384,Lý Tuấn Huy,Nắng Xa (282),Bolero
2,ID_299,5,299,Phạm Xuân Quân,Biển Rơi (489),Lo-fi
2,ID_350,5,350,Đỗ Xuân Trang,Giấc Mơ Xa (562),Dance
2,ID_560,5,560,Hồ Tuấn Huy,Đường Sầu (227),Jazz
2,ID_141,3,141,Lê Phương Dũng,Gió Lạ (773),Lo-fi
2,ID_516,5,516,Lý Tuấn Hạnh,Kỷ Niệm Thương (309),Bolero
2,ID_317,3,317,Lý Ngọc Đông,Mưa Rơi (859),R&B
2,ID_325,5,325,Vũ Khánh Tuấn,Gió Rơi (497),Indie
2,ID_392,3,392,Hoàng Đức Tuấn,Nắng Rơi (813),Bolero
2,ID_514,5,514,Vũ Xuân Dũng,Lời Yêu Buồn (165),Lo-fi
2,ID_112,5,112,Dương Minh Phi,Mưa Thương (474),Jazz
2,ID_229,5,229,Hồ Đức Tâm,Biển Quên (730),Rap
2,ID_33,4,33,Phạm Minh Quân,Phố Lặng (864),Bolero
2,ID_582,3,582,Hoàng Đức Trang,Nắng Đau (730),Ballad
2,ID_121,4,121,Lý Tuấn Trang,Lời Yêu Lặng (827),Lo-fi
2,ID_418,4,418,Lý Phương Đông,Gió Mơ (226),Rap
3,ID_310,3,310,Phạm Xuân Tuấn,Phố Lạ (393),Ballad
3,ID_397,3,397,Lý Phương Tuấn,Trăng Mơ (623),Lo-fi
3,ID_407,4,407,Vũ Ngọc Tâm,Tình Đau (348),Indie
3,ID_370,4,370,Lý Quang Quân,Mưa Thương (158),Rap
3,ID_568,4,568,Nguyễn Đức Tâm,Giấc Mơ Mơ (464),Jazz
3,ID_538,3,538,Nguyễn Tuấn Trang,Đường Say (841),Indie
3,ID_215,4,215,Phạm Văn Đông,Biển Lạ (643),R&B
3,ID_347,3,347,Ngô Xuân Linh,Nắng Lạ (782),R&B
3,ID_150,4,150,Phan Thị Phúc,Kỷ Niệm Thương (822),Lo-fi
3,ID_197,3,197,Đặng Bảo Mai,Tình Sầu (930),Indie
3,ID_465,3,465,Lê Tuấn Nam,Mưa Quên (208),Dance
3,ID_322,4,322,Ngô Hữu Dũng,Nắng Đau (654),Pop
3,ID_237,5,237,Hồ Minh Sơn,Nắng Thương (234),Pop
3,ID_70,5,70,Đặng Tuấn Sơn,Biển Rơi (400),R&B
3,ID_519,3,519,Nguyễn Văn Phi,Mưa Nhớ (431),Indie
3,ID_193,3,193,Ngô Hữu Đông,Tình Quên (358),Jazz
3,ID_68,4,68,Lý Quang Trang,Nắng Vui (139),R&B
3,ID_206,3,206,Phạm Hữu Sơn,Mây Rơi (266),Pop
3,ID_502,5,502,Lê Khánh Phúc,Đường Đau (839),Rap
3,ID_434,3,434,Phan Minh Tâm,Mưa Mơ (437),Ballad
3,ID_30,3,30,Hồ Phương Đông,Mưa Lạ (530),Indie
3,ID_77,5,77,Phạm Bảo Linh,Trăng Xa (828),Pop
3,ID_417,3,417,Nguyễn Văn Cường,Hoa Lạ (892),Lo-fi
3,ID_101,5,101,Ngô Thị Tuấn,Nắng Thương (405),Rap
3,ID_139,3,139,Ngô Anh Cường,Nắng Xa (944),Bolero
3,ID_300,3,300,Vũ Phương Hương,Giấc Mơ Mơ (781),Rap
3,ID_47,4,47,Dương Tuấn Tâm,Phố Thương (528),Ballad
3,ID_89,3,89,Hoàng Văn Sơn,Giấc Mơ Rơi (778),Jazz
3,ID_293,5,293,Phan Hữu Phi,Phố Quên (846),Indie
3,ID_422,5,422,Lê Ngọc Phúc,Gió Mơ (389),Dance
3,ID_171,5,171,Hoàng Khánh Sơn,Trăng Buồn (772),Ballad
3,ID_588,5,588,Vũ Xuân Cường,Gió Nhớ (552),Ballad
3,ID_204,3,204,Vũ Văn Mai,Gió Sầu (240),Rock
3,ID_510,4,510,Hồ Bảo Dũng,Lời Yêu Rơi (304),R&B
3,ID_198,3,198,Dương Minh Tuấn,Đường Lặng (848),R&B
3,ID_42,4,42,Hoàng Tuấn Sơn,Mưa Buồn (909),Dance
3,ID_437,3,437,Bùi Anh Phi,Kỷ Niệm Vui (845),Rap
3,ID_201,3,201,Đỗ Văn Đông,Mây Say (159),Rap
3,ID_372,5,372,Lê Văn Dũng,Giấc Mơ Xa (955),Dance
3,ID_405,5,405,Dương Ngọc Hương,Biển Quên (895),Ballad
4,ID_80,5,80,Đỗ Đức Dũng,Tình Quên (801),Rock
4,ID_531,4,531,Lê Minh Trang,Kỷ Niệm Đau (984),Lo-fi
4,ID_401,4,401,Dương Tuấn Trang,Lời Yêu Thương (194),Bolero
4,ID_48,4,48,Bùi Quang Quân,Lời Yêu Sầu (803),Lo-fi
4,ID_461,4,461,Dương Minh Dũng,Hoa Say (500),Rap
4,ID_476,3,476,Đặng Xuân Trang,Mưa Đau (919),Dance
4,ID_367,5,367,Ngô Bảo Mai,Lời Yêu Mơ (926),Indie
4,ID_548,5,548,Ngô Quang Linh,Đường Say (623),R&B
4,ID_200,3,200,Hoàng Anh Hà,Biển Quên (394),Bolero
4,ID_201,5,201,Đỗ Văn Đông,Mây Say (159),Rap
4,ID_429,4,429,Lê Minh Dũng,Phố Vui (397),Rock
4,ID_563,4,563,Lý Ngọc Hương,Biển Đau (583),Lo-fi
4,ID_477,3,477,Lý Thị Lan,Mây Rơi (902),Dance
4,ID_127,4,127,Hoàng Quang Tâm,Kỷ Niệm Rơi (115),Ballad
4,ID_522,5,522,Trần Tuấn Huy,Phố Mơ (395),Lo-fi
4,ID_440,4,440,Vũ Hữu Cường,Mưa Thương (834),R&B
4,ID_457,3,457,Lê Bảo Đông,Tình Đau (755),Bolero
4,ID_378,4,378,Hoàng Xuân Quân,Gió Sầu (288),Bolero
4,ID_104,5,104,Dương Hữu Quân,Nắng Buồn (613),Pop
4,ID_168,3,168,Dương Văn Hương,Mây Xa (185),Dance
4,ID_258,5,258,Đỗ Minh Trang,Biển Nhớ (144),R&B
4,ID_402,3,402,Bùi Thị Trang,Trăng Đau (189),Ballad
4,ID_599,4,599,Lý Bảo Hạnh,Mây Đau (513),Ballad
4,ID_39,4,39,Trần Đức Mai,Mưa Say (265),Bolero
4,ID_423,4,423,Phan Minh Đông,Lời Yêu Lặng (151),R&B
4,ID_93,4,93,Trần Phương Phi,Lời Yêu Nhớ (196),Bolero
4,ID_216,3,216,Trương Tuấn Hà,Mưa Thương (549),Bolero
4,ID_7,4,7,Lý Anh Hương,Tình Sầu (162),Ballad
4,ID_106,3,106,Đỗ Khánh Dũng,Đường Buồn (538),R&B
4,ID_140,4,140,Lý Văn Trang,Mây Thương (544),Pop
4,ID_324,5,324,Lê Minh Tâm,Phố Xa (858),Lo-fi
4,ID_334,4,334,Hoàng Bảo Phúc,Lời Yêu Quên (111),Pop
4,ID_225,5,225,Dương Anh Huy,Giấc Mơ Buồn (699),Rap
4,ID_14,5,14,Lê Quang Sơn,Mưa Nhớ (338),Ballad
4,ID_288,5,288,Trần Minh Dũng,Hoa Nhớ (705),Dance
4,ID_505,5,505,Trương Tuấn Lan,Trăng Say (394),R&B
4,ID_365,4,365,Đỗ Anh Dũng,Hoa Vui (843),Indie
4,ID_527,4,527,Phạm Anh Hương,Phố Lạ (559),Dance
4,ID_503,4,503,Phan Hữu Đông,Lời Yêu Thương (329),Rock
4,ID_291,3,291,Ngô Ngọc Mai,Đường Nhớ (822),R&B
5,ID_359,4,359,Trần Xuân Linh,Nắng Rơi (878),Bolero
5,ID_48,4,48,Bùi Quang Quân,Lời Yêu Sầu (803),Lo-fi
5,ID_275,3,275,Đặng Anh Phúc,Trăng Rơi (458),Ballad
5,ID_537,5,537,Nguyễn Ngọc Phúc,Kỷ Niệm Lặng (925),Rock
5,ID_274,3,274,Bùi Thị Sơn,Nắng Quên (969),Dance
5,ID_194,4,194,Phạm Hữu Trang,Lời Yêu Lạ (519),Lo-fi
5,ID_214,4,214,Phạm Văn Hạnh,Lời Yêu Lặng (840),Jazz
5,ID_365,3,365,Đỗ Anh Dũng,Hoa Vui (843),Indie
5,ID_55,5,55,Lý Hữu Lan,Đường Mơ (824),Lo-fi
5,ID_127,3,127,Hoàng Quang Tâm,Kỷ Niệm Rơi (115),Ballad
5,ID_12,4,12,Lê Ngọc Dũng,Gió Xa (928),Rap
5,ID_584,4,584,Trần Xuân Quân,Biển Rơi (741),Lo-fi
5,ID_379,3,379,Hồ Hữu Linh,Trăng Say (298),Bolero
5,ID_294,4,294,Dương Xuân Trang,Tình Quên (736),Rap
5,ID_483,4,483,Phạm Anh Dũng,Nắng Quên (184),R&B
5,ID_600,4,600,Đặng Khánh Hạnh,Đường Nhớ (376),Pop
5,ID_566,5,566,Lê Tuấn Hà,Kỷ Niệm Đau (244),Dance
5,ID_143,5,143,Lý Minh Lan,Giấc Mơ Đau (316),Ballad
5,ID_497,4,497,Trương Quang Phúc,Gió Rơi (627),Ballad
5,ID_474,3,474,Đỗ Hữu Đông,Đường Nhớ (882),Rap
5,ID_386,5,386,Hồ Quang Đông,Lời Yêu Quên (195),Dance
5,ID_562,5,562,Đỗ Thị Cường,Hoa Xa (966),Lo-fi
5,ID_392,3,392,Hoàng Đức Tuấn,Nắng Rơi (813),Bolero
5,ID_589,3,589,Hồ Quang Nam,Nắng Nhớ (377),Lo-fi
5,ID_442,3,442,Phan Khánh Hương,Biển Vui (782),Dance
5,ID_166,3,166,Phan Khánh Huy,Nắng Sầu (369),Dance
5,ID_50,5,50,Nguyễn Tuấn Nam,Trăng Xa (512),Pop
5,ID_226,5,226,Lý Anh Hà,Tình Nhớ (702),Jazz
5,ID_290,4,290,Phan Xuân Quân,Kỷ Niệm Rơi (842),Jazz
5,ID_8,5,8,Hoàng Khánh Hà,Mưa Đau (232),Rock
5,ID_397,4,397,Lý Phương Tuấn,Trăng Mơ (623),Lo-fi
5,ID_486,4,486,Dương Xuân Hương,Kỷ Niệm Nhớ (186),Jazz
5,ID_7,5,7,Lý Anh Hương,Tình Sầu (162),Ballad
5,ID_56,5,56,Đặng Xuân Sơn,Đường Quên (510),Rock
5,ID_98,3,98,Đặng Ngọc Sơn,Lời Yêu Say (803),Indie
5,ID_575,4,575,Hoàng Đức Quân,Mây Buồn (343),Lo-fi
5,ID_25,4,25,Trần Thị Phúc,Hoa Thương (199),Lo-fi
5,ID_238,5,238,Dương Ngọc Đông,Biển Xa (843),Lo-fi
5,ID_223,5,223,Hồ Khánh Dũng,Mây Buồn (830),Indie
5,ID_47,5,47,Dương Tuấn Tâm,Phố Thương (528),Ballad
6,ID_579,4,579,Đỗ Tuấn Phúc,Lời Yêu Mơ (908),Ballad
6,ID_505,3,505,Trương Tuấn Lan,Trăng Say (394),R&B
6,ID_219,5,219,Dương Minh Trang,Phố Rơi (444),Ballad
6,ID_487,3,487,Vũ Minh Quân,Giấc Mơ Mơ (169),Lo-fi
6,ID_314,5,314,Lý Anh Sơn,Tình Xa (782),R&B
6,ID_8,4,8,Hoàng Khánh Hà,Mưa Đau (232),Rock
6,ID_251,4,251,Dương Quang Hà,Giấc Mơ Xa (316),Rock
6,ID_292,4,292,Phan Đức Dũng,Hoa Lặng (231),Dance
6,ID_149,3,149,Đỗ Thị Mai,Trăng Đau (344),Pop
6,ID_18,3,18,Trần Bảo Hà,Gió Đau (809),Ballad
6,ID_197,4,197,Đặng Bảo Mai,Tình Sầu (930),Indie
6,ID_352,5,352,Bùi Minh Tuấn,Biển Buồn (636),Lo-fi
6,ID_589,5,589,Hồ Quang Nam,Nắng Nhớ (377),Lo-fi
6,ID_144,3,144,Hoàng Phương Lan,Gió Rơi (247),Dance
6,ID_506,3,506,Nguyễn Quang Trang,Mưa Vui (196),Dance
6,ID_543,3,543,Phạm Hữu Quân,Lời Yêu Lạ (339),Rock
6,ID_496,5,496,Trần Tuấn Nam,Giấc Mơ Xa (338),Indie
6,ID_420,5,420,Đỗ Hữu Hà,Giấc Mơ Đau (742),Jazz
6,ID_503,5,503,Phan Hữu Đông,Lời Yêu Thương (329),Rock
6,ID_306,3,306,Ngô Minh Trang,Biển Xa (348),Lo-fi
6,ID_276,5,276,Phan Minh Dũng,Nắng Buồn (296),Ballad
6,ID_399,5,399,Dương Thị Nam,Mưa Quên (345),Indie
6,ID_177,5,177,Lý Anh Huy,Trăng Lặng (639),Rap
6,ID_308,4,308,Vũ Tuấn Huy,Trăng Say (270),Bolero
6,ID_116,4,116,Đặng Anh Quân,Gió Say (901),Jazz
6,ID_15,5,15,Đặng Quang Hương,Hoa Lạ (615),Ballad
6,ID_19,5,19,Phạm Xuân Sơn,Biển Say (651),Pop
6,ID_495,3,495,Ngô Tuấn Sơn,Lời Yêu Nhớ (787),Rap
6,ID_534,3,534,Lý Anh Phúc,Biển Lặng (722),Rock
6,ID_100,3,100,Hồ Bảo Tâm,Tình Xa (188),Ballad
6,ID_488,3,488,Đặng Anh Tâm,Trăng Rơi (429),Lo-fi
6,ID_376,3,376,Phạm Thị Nam,Phố Vui (887),Jazz
6,ID_118,3,118,Trương Xuân Dũng,Trăng Đau (709),R&B
6,ID_258,3,258,Đỗ Minh Trang,Biển Nhớ (144),R&B
6,ID_461,3,461,Dương Minh Dũng,Hoa Say (500),Rap
6,ID_328,3,328,Bùi Tuấn Hạnh,Hoa Buồn (697),Rock
6,ID_553,3,553,Trương Quang Hương,Mưa Lặng (241),R&B
6,ID_509,5,509,Đặng Minh Tuấn,Kỷ Niệm Rơi (490),Bolero
6,ID_167,3,167,Bùi Bảo Hà,Phố Đau (237),Bolero
6,ID_162,3,162,Dương Xuân Quân,Phố Buồn (708),Dance
7,ID_73,5,73,Trần Hữu Cường,Lời Yêu Say (118),R&B
7,ID_390,4,390,Trần Văn Linh,Mưa Rơi (252),Jazz
7,ID_155,5,155,Hồ Thị Mai,Tình Nhớ (952),Indie
7,ID_456,5,456,Vũ Minh Trang,Biển Thương (625),Bolero
7,ID_33,5,33,Phạm Minh Quân,Phố Lặng (864),Bolero
7,ID_37,5,37,Lê Phương Quân,Mưa Lạ (181),Dance
7,ID_271,4,271,Hồ Thị Đông,Tình Nhớ (903),Ballad
7,ID_471,5,471,Dương Anh Hạnh,Phố Xa (181),Bolero
7,ID_499,4,499,Ngô Hữu Linh,Mây Quên (138),R&B
7,ID_347,5,347,Ngô Xuân Linh,Nắng Lạ (782),R&B
7,ID_476,3,476,Đặng Xuân Trang,Mưa Đau (919),Dance
7,ID_117,5,117,Lý Hữu Tâm,Mưa Say (151),Pop
7,ID_401,3,401,Dương Tuấn Trang,Lời Yêu Thương (194),Bolero
7,ID_357,3,357,Phan Thị Huy,Hoa Rơi (627),Lo-fi
7,ID_346,4,346,Bùi Thị Trang,Giấc Mơ Lạ (176),R&B
7,ID_38,4,38,Trương Anh Tâm,Biển Buồn (336),R&B
7,ID_254,4,254,Đỗ Quang Đông,Đường Đau (889),Bolero
7,ID_268,5,268,Lê Quang Tuấn,Hoa Nhớ (861),Dance
7,ID_88,3,88,Lý Văn Dũng,Tình Sầu (460),Ballad
7,ID_386,3,386,Hồ Quang Đông,Lời Yêu Quên (195),Dance
7,ID_104,4,104,Dương Hữu Quân,Nắng Buồn (613),Pop
7,ID_454,4,454,Dương Tuấn Lan,Mây Sầu (210),Ballad
7,ID_486,4,486,Dương Xuân Hương,Kỷ Niệm Nhớ (186),Jazz
7,ID_14,5,14,Lê Quang Sơn,Mưa Nhớ (338),Ballad
7,ID_103,4,103,Trương Bảo Tâm,Đường Lạ (854),Ballad
7,ID_305,5,305,Bùi Thị Đông,Phố Buồn (261),Indie
7,ID_111,4,111,Lê Xuân Quân,Nắng Đau (112),Rap
7,ID_355,5,355,Nguyễn Ngọc Quân,Mây Say (940),Pop
7,ID_531,3,531,Lê Minh Trang,Kỷ Niệm Đau (984),Lo-fi
7,ID_172,4,172,Trần Hữu Tâm,Lời Yêu Thương (431),Rock
7,ID_343,4,343,Dương Xuân Đông,Kỷ Niệm Quên (587),Lo-fi
7,ID_244,3,244,Dương Văn Hạnh,Lời Yêu Xa (528),R&B
7,ID_253,5,253,Vũ Xuân Tuấn,Tình Buồn (431),Dance
7,ID_80,4,80,Đỗ Đức Dũng,Tình Quên (801),Rock
7,ID_497,3,497,Trương Quang Phúc,Gió Rơi (627),Ballad
7,ID_374,5,374,Đặng Hữu Phúc,Đường Thương (607),Lo-fi
7,ID_577,3,577,Ngô Thị Tuấn,Phố Thương (617),Dance
7,ID_91,5,91,Vũ Tuấn Hạnh,Hoa Quên (887),Jazz
7,ID_555,3,555,Vũ Ngọc Phi,Tình Mơ (810),Pop
7,ID_562,3,562,Đỗ Thị Cường,Hoa Xa (966),Lo-fi
8,ID_251,3,251,Dương Quang Hà,Giấc Mơ Xa (316),Rock
8,ID_160,3,160,Lê Tuấn Sơn,Đường Rơi (900),Rock
8,ID_165,5,165,Ngô Thị Hạnh,Hoa Vui (592),Indie
8,ID_423,4,423,Phan Minh Đông,Lời Yêu Lặng (151),R&B
8,ID_84,5,84,Phạm Minh Linh,Trăng Đau (712),R&B
8,ID_202,3,202,Lý Tuấn Tuấn,Hoa Mơ (480),R&B
8,ID_389,5,389,Hồ Xuân Tuấn,Biển Rơi (761),Rock
8,ID_555,4,555,Vũ Ngọc Phi,Tình Mơ (810),Pop
8,ID_379,3,379,Hồ Hữu Linh,Trăng Say (298),Bolero
8,ID_583,4,583,Lý Thị Cường,Mây Vui (570),Rock
8,ID_341,4,341,Phan Hữu Đông,Gió Rơi (554),Bolero
8,ID_520,5,520,Đặng Tuấn Dũng,Đường Nhớ (330),Rock
8,ID_317,4,317,Lý Ngọc Đông,Mưa Rơi (859),R&B
8,ID_148,4,148,Hoàng Văn Tâm,Nắng Thương (628),Rap
8,ID_248,5,248,Đặng Bảo Trang,Mây Quên (470),Indie
8,ID_174,4,174,Đặng Hữu Cường,Hoa Nhớ (682),Rap
8,ID_404,4,404,Vũ Phương Hương,Lời Yêu Mơ (475),Pop
8,ID_422,5,422,Lê Ngọc Phúc,Gió Mơ (389),Dance
8,ID_196,3,196,Vũ Ngọc Hạnh,Mưa Xa (741),Rap
8,ID_11,5,11,Phan Văn Linh,Mây Đau (675),Lo-fi
8,ID_589,3,589,Hồ Quang Nam,Nắng Nhớ (377),Lo-fi
8,ID_67,4,67,Lý Đức Huy,Đường Đau (814),R&B
8,ID_332,5,332,Nguyễn Minh Mai,Đường Đau (214),Pop
8,ID_307,4,307,Trần Văn Quân,Gió Quên (200),Pop
8,ID_10,5,10,Lý Anh Nam,Trăng Vui (905),Lo-fi
8,ID_199,4,199,Đỗ Văn Phi,Kỷ Niệm Đau (166),Jazz
8,ID_188,5,188,Vũ Xuân Sơn,Giấc Mơ Lạ (784),Dance
8,ID_364,5,364,Lê Ngọc Hương,Mưa Rơi (414),R&B
8,ID_121,5,121,Lý Tuấn Trang,Lời Yêu Lặng (827),Lo-fi
8,ID_109,5,109,Trần Hữu Phi,Biển Say (558),R&B
8,ID_440,4,440,Vũ Hữu Cường,Mưa Thương (834),R&B
8,ID_334,4,334,Hoàng Bảo Phúc,Lời Yêu Quên (111),Pop
8,ID_480,5,480,Trương Quang Quân,Giấc Mơ Nhớ (267),Ballad
8,ID_325,4,325,Vũ Khánh Tuấn,Gió Rơi (497),Indie
8,ID_413,5,413,Trần Văn Sơn,Mây Lạ (845),Lo-fi
8,ID_284,3,284,Hoàng Khánh Quân,Nắng Thương (664),Rock
8,ID_310,5,310,Phạm Xuân Tuấn,Phố Lạ (393),Ballad
8,ID_529,3,529,Dương Khánh Dũng,Mưa Quên (514),Ballad
8,ID_145,3,145,Trương Khánh Hạnh,Mây Nhớ (697),Rap
8,ID_337,4,337,Trần Hữu Tuấn,Tình Buồn (676),Lo-fi
9,ID_22,4,22,Đỗ Văn Mai,Mây Sầu (330),Indie
9,ID_328,5,328,Bùi Tuấn Hạnh,Hoa Buồn (697),Rock
9,ID_221,5,221,Nguyễn Quang Mai,Hoa Nhớ (311),Ballad
9,ID_404,5,404,Vũ Phương Hương,Lời Yêu Mơ (475),Pop
9,ID_36,3,36,Lê Đức Huy,Phố Buồn (652),Dance
9,ID_473,3,473,Dương Quang Hương,Biển Say (591),Jazz
9,ID_467,4,467,Trần Anh Phúc,Nắng Thương (609),Pop
9,ID_276,4,276,Phan Minh Dũng,Nắng Buồn (296),Ballad
9,ID_215,3,215,Phạm Văn Đông,Biển Lạ (643),R&B
9,ID_327,3,327,Lý Thị Lan,Trăng Nhớ (150),R&B
9,ID_406,3,406,Đỗ Hữu Hà,Đường Mơ (363),Lo-fi
9,ID_507,3,507,Phan Văn Đông,Gió Quên (455),R&B
9,ID_385,5,385,Hồ Phương Trang,Mưa Mơ (150),Lo-fi
9,ID_76,4,76,Trương Khánh Cường,Phố Buồn (987),Jazz
9,ID_185,4,185,Vũ Phương Hạnh,Mây Buồn (603),Rap
9,ID_72,3,72,Trương Tuấn Sơn,Gió Rơi (843),Jazz
9,ID_212,5,212,Đỗ Khánh Tâm,Kỷ Niệm Rơi (310),Dance
9,ID_363,3,363,Bùi Anh Mai,Nắng Quên (562),Bolero
9,ID_469,4,469,Đặng Tuấn Trang,Gió Lạ (608),Rock
9,ID_170,3,170,Bùi Khánh Linh,Trăng Lạ (623),Lo-fi
9,ID_118,5,118,Trương Xuân Dũng,Trăng Đau (709),R&B
9,ID_294,5,294,Dương Xuân Trang,Tình Quên (736),Rap
9,ID_517,5,517,Lê Anh Hạnh,Phố Quên (179),Dance
9,ID_577,5,577,Ngô Thị Tuấn,Phố Thương (617),Dance
9,ID_452,5,452,Bùi Khánh Linh,Phố Rơi (139),Rock
9,ID_176,3,176,Đỗ Tuấn Hà,Kỷ Niệm Say (979),Rock
9,ID_590,4,590,Đặng Minh Huy,Kỷ Niệm Rơi (820),Dance
9,ID_226,3,226,Lý Anh Hà,Tình Nhớ (702),Jazz
9,ID_53,3,53,Đặng Phương Quân,Biển Xa (294),Bolero
9,ID_351,3,351,Dương Quang Tuấn,Phố Vui (471),Pop
9,ID_474,5,474,Đỗ Hữu Đông,Đường Nhớ (882),Rap
9,ID_196,4,196,Vũ Ngọc Hạnh,Mưa Xa (741),Rap
9,ID_541,3,541,Đặng Văn Linh,Mây Nhớ (406),Lo-fi
9,ID_9,3,9,Phạm Anh Phúc,Gió Đau (622),Jazz
9,ID_145,5,145,Trương Khánh Hạnh,Mây Nhớ (697),Rap
9,ID_594,4,594,Phạm Ngọc Quân,Trăng Nhớ (129),Rap
9,ID_81,4,81,Đặng Minh Sơn,Đường Rơi (426),Rap
9,ID_567,4,567,Hoàng Xuân Huy,Mây Xa (683),Rock
9,ID_553,3,553,Trương Quang Hương,Mưa Lặng (241),R&B
9,ID_393,4,393,Hồ Xuân Phi,Giấc Mơ Rơi (248),Dance
10,ID_394,3,394,Ngô Thị Phúc,Gió Nhớ (331),Bolero
10,ID_114,3,114,Hoàng Anh Mai,Hoa Sầu (837),Indie
10,ID_372,3,372,Lê Văn Dũng,Giấc Mơ Xa (955),Dance
10,ID_438,5,438,Trương Hữu Tuấn,Tình Thương (627),Lo-fi
10,ID_549,3,549,Đặng Bảo Linh,Tình Nhớ (923),Ballad
10,ID_442,3,442,Phan Khánh Hương,Biển Vui (782),Dance
10,ID_306,3,306,Ngô Minh Trang,Biển Xa (348),Lo-fi
10,ID_353,5,353,Nguyễn Xuân Phi,Tình Nhớ (259),Lo-fi
10,ID_83,3,83,Bùi Anh Hương,Hoa Buồn (611),Jazz
10,ID_337,4,337,Trần Hữu Tuấn,Tình Buồn (676),Lo-fi
10,ID_408,4,408,Lý Anh Huy,Phố Vui (925),Pop
10,ID_87,3,87,Phan Hữu Hạnh,Trăng Thương (778),Jazz
10,ID_501,4,501,Phan Đức Linh,Phố Thương (171),Bolero
10,ID_283,3,283,Đặng Ngọc Linh,Trăng Đau (743),Ballad
10,ID_370,5,370,Lý Quang Quân,Mưa Thương (158),Rap
10,ID_21,3,21,Đỗ Tuấn Cường,Mây Xa (726),Bolero
10,ID_209,5,209,Hồ Bảo Phúc,Lời Yêu Buồn (509),Rock
10,ID_22,3,22,Đỗ Văn Mai,Mây Sầu (330),Indie
10,ID_419,4,419,Trương Quang Đông,Mây Sầu (101),Bolero
10,ID_196,4,196,Vũ Ngọc Hạnh,Mưa Xa (741),Rap
10,ID_224,3,224,Trần Hữu Linh,Phố Xa (265),Pop
10,ID_74,4,74,Phạm Hữu Phi,Đường Quên (290),Jazz
10,ID_539,3,539,Phạm Ngọc Phi,Trăng Sầu (123),Indie
10,ID_436,5,436,Nguyễn Phương Hương,Phố Vui (372),Rap
10,ID_390,4,390,Trần Văn Linh,Mưa Rơi (252),Jazz
10,ID_206,4,206,Phạm Hữu Sơn,Mây Rơi (266),Pop
10,ID_242,3,242,Bùi Thị Quân,Đường Vui (107),Rock
10,ID_503,5,503,Phan Hữu Đông,Lời Yêu Thương (329),Rock
10,ID_342,4,342,Bùi Hữu Sơn,Biển Mơ (190),R&B
10,ID_7,4,7,Lý Anh Hương,Tình Sầu (162),Ballad
10,ID_465,3,465,Lê Tuấn Nam,Mưa Quên (208),Dance
10,ID_453,3,453,Lê Khánh Cường,Phố Thương (389),Bolero
10,ID_82,4,82,Phan Đức Dũng,Biển Lặng (299),Jazz
10,ID_274,4,274,Bùi Thị Sơn,Nắng Quên (969),Dance
10,ID_9,3,9,Phạm Anh Phúc,Gió Đau (622),Jazz
10,ID_477,4,477,Lý Thị Lan,Mây Rơi (902),Dance
10,ID_345,5,345,Lê Văn Lan,Phố Lạ (997),Rock
10,ID_411,3,411,Lý Ngọc Phúc,Phố Lạ (305),R&B
10,ID_528,5,528,Trần Ngọc Nam,Đường Quên (388),Bolero
10,ID_359,5,359,Trần Xuân Linh,Nắng Rơi (878),Bolero
11,ID_362,5,362,Bùi Khánh Dũng,Lời Yêu Rơi (390),Rock
11,ID_485,3,485,Bùi Thị Huy,Biển Buồn (294),Bolero
11,ID_595,4,595,Phạm Ngọc Dũng,Lời Yêu Lạ (291),Pop
11,ID_339,4,339,Bùi Văn Tâm,Mây Lạ (865),Bolero
11,ID_113,3,113,Phan Tuấn Dũng,Hoa Xa (356),Indie
11,ID_336,3,336,Trần Khánh Trang,Đường Sầu (486),Indie
11,ID_432,5,432,Dương Quang Hạnh,Biển Sầu (691),R&B
11,ID_62,5,62,Hồ Thị Huy,Biển Đau (283),Rap
11,ID_26,3,26,Phạm Ngọc Tâm,Nắng Sầu (991),Rock
11,ID_189,4,189,Lê Quang Phúc,Tình Buồn (303),Rock
11,ID_282,5,282,Trần Văn Hạnh,Giấc Mơ Mơ (101),R&B
11,ID_123,5,123,Phan Xuân Phi,Biển Xa (314),Ballad
11,ID_505,5,505,Trương Tuấn Lan,Trăng Say (394),R&B
11,ID_48,3,48,Bùi Quang Quân,Lời Yêu Sầu (803),Lo-fi
11,ID_363,4,363,Bùi Anh Mai,Nắng Quên (562),Bolero
11,ID_131,4,131,Phạm Ngọc Hạnh,Mây Lặng (107),Ballad
11,ID_327,5,327,Lý Thị Lan,Trăng Nhớ (150),R&B
11,ID_153,4,153,Bùi Bảo Tuấn,Giấc Mơ Vui (655),Ballad
11,ID_214,5,214,Phạm Văn Hạnh,Lời Yêu Lặng (840),Jazz
11,ID_9,5,9,Phạm Anh Phúc,Gió Đau (622),Jazz
11,ID_448,3,448,Trần Phương Hà,Tình Xa (645),Dance
11,ID_332,4,332,Nguyễn Minh Mai,Đường Đau (214),Pop
11,ID_483,5,483,Phạm Anh Dũng,Nắng Quên (184),R&B
11,ID_526,3,526,Trương Quang Hương,Đường Thương (754),Dance
11,ID_176,4,176,Đỗ Tuấn Hà,Kỷ Niệm Say (979),Rock
11,ID_204,3,204,Vũ Văn Mai,Gió Sầu (240),Rock
11,ID_82,4,82,Phan Đức Dũng,Biển Lặng (299),Jazz
11,ID_504,3,504,Đỗ Đức Huy,Mây Mơ (603),Jazz
11,ID_392,5,392,Hoàng Đức Tuấn,Nắng Rơi (813),Bolero
11,ID_50,4,50,Nguyễn Tuấn Nam,Trăng Xa (512),Pop
11,ID_522,5,522,Trần Tuấn Huy,Phố Mơ (395),Lo-fi
11,ID_222,3,222,Hồ Phương Dũng,Lời Yêu Mơ (671),Indie
11,ID_47,5,47,Dương Tuấn Tâm,Phố Thương (528),Ballad
11,ID_501,3,501,Phan Đức Linh,Phố Thương (171),Bolero
11,ID_181,3,181,Trương Ngọc Tuấn,Kỷ Niệm Buồn (453),R&B
11,ID_482,5,482,Trần Đức Hương,Giấc Mơ Sầu (809),Rap
11,ID_79,3,79,Đỗ Văn Quân,Kỷ Niệm Vui (240),Dance
11,ID_530,3,530,Trần Bảo Dũng,Phố Lặng (820),Lo-fi
11,ID_163,4,163,Ngô Anh Sơn,Mây Say (668),Lo-fi
11,ID_546,4,546,Đỗ Xuân Dũng,Gió Xa (243),Dance
12,ID_287,4,287,Đặng Khánh Tuấn,Hoa Mơ (955),Indie
12,ID_179,5,179,Đỗ Văn Đông,Biển Rơi (605),Pop
12,ID_405,5,405,Dương Ngọc Hương,Biển Quên (895),Ballad
12,ID_434,4,434,Phan Minh Tâm,Mưa Mơ (437),Ballad
12,ID_20,4,20,Hoàng Bảo Hà,Hoa Sầu (623),Dance
12,ID_92,3,92,Phan Anh Tuấn,Trăng Say (747),Indie
12,ID_228,4,228,Đỗ Tuấn Phi,Hoa Thương (608),Jazz
12,ID_13,3,13,Lê Quang Tâm,Phố Đau (963),R&B
12,ID_187,5,187,Hoàng Quang Phi,Phố Buồn (638),Rap
12,ID_593,5,593,Nguyễn Ngọc Dũng,Giấc Mơ Buồn (765),Dance
12,ID_549,5,549,Đặng Bảo Linh,Tình Nhớ (923),Ballad
12,ID_489,4,489,Lý Thị Phi,Giấc Mơ Lặng (146),Indie
12,ID_562,5,562,Đỗ Thị Cường,Hoa Xa (966),Lo-fi
12,ID_241,5,241,Đặng Thị Mai,Đường Thương (909),Ballad
12,ID_493,4,493,Nguyễn Anh Mai,Kỷ Niệm Thương (662),R&B
12,ID_486,4,486,Dương Xuân Hương,Kỷ Niệm Nhớ (186),Jazz
12,ID_196,5,196,Vũ Ngọc Hạnh,Mưa Xa (741),Rap
12,ID_507,5,507,Phan Văn Đông,Gió Quên (455),R&B
12,ID_513,5,513,Phan Thị Dũng,Mây Lạ (570),Pop
12,ID_50,3,50,Nguyễn Tuấn Nam,Trăng Xa (512),Pop
12,ID_394,5,394,Ngô Thị Phúc,Gió Nhớ (331),Bolero
12,ID_135,5,135,Vũ Minh Phi,Giấc Mơ Vui (831),Lo-fi
12,ID_411,4,411,Lý Ngọc Phúc,Phố Lạ (305),R&B
12,ID_236,5,236,Trương Tuấn Trang,Gió Rơi (733),Pop
12,ID_337,3,337,Trần Hữu Tuấn,Tình Buồn (676),Lo-fi
12,ID_211,3,211,Hoàng Bảo Cường,Mây Lặng (318),Jazz
12,ID_473,3,473,Dương Quang Hương,Biển Say (591),Jazz
12,ID_355,4,355,Nguyễn Ngọc Quân,Mây Say (940),Pop
12,ID_449,4,449,Nguyễn Anh Trang,Phố Quên (991),Pop
12,ID_410,5,410,Nguyễn Quang Nam,Lời Yêu Sầu (749),Jazz
12,ID_325,4,325,Vũ Khánh Tuấn,Gió Rơi (497),Indie
12,ID_345,3,345,Lê Văn Lan,Phố Lạ (997),Rock
12,ID_497,3,497,Trương Quang Phúc,Gió Rơi (627),Ballad
12,ID_566,4,566,Lê Tuấn Hà,Kỷ Niệm Đau (244),Dance
12,ID_203,5,203,Dương Xuân Huy,Tình Mơ (732),Bolero
12,ID_277,3,277,Nguyễn Quang Phi,Lời Yêu Nhớ (884),Pop
12,ID_202,5,202,Lý Tuấn Tuấn,Hoa Mơ (480),R&B
12,ID_288,3,288,Trần Minh Dũng,Hoa Nhớ (705),Dance
12,ID_24,4,24,Nguyễn Minh Hạnh,Mây Buồn (497),Indie
12,ID_56,3,56,Đặng Xuân Sơn,Đường Quên (510),Rock
13,ID_509,4,509,Đặng Minh Tuấn,Kỷ Niệm Rơi (490),Bolero
13,ID_248,5,248,Đặng Bảo Trang,Mây Quên (470),Indie
13,ID_425,4,425,Dương Văn Huy,Kỷ Niệm Nhớ (955),R&B
13,ID_6,5,6,Trương Ngọc Trang,Lời Yêu Thương (186),Rock
13,ID_487,4,487,Vũ Minh Quân,Giấc Mơ Mơ (169),Lo-fi
13,ID_166,3,166,Phan Khánh Huy,Nắng Sầu (369),Dance
13,ID_297,5,297,Trần Tuấn Đông,Trăng Lặng (707),Jazz
13,ID_486,5,486,Dương Xuân Hương,Kỷ Niệm Nhớ (186),Jazz
13,ID_499,3,499,Ngô Hữu Linh,Mây Quên (138),R&B
13,ID_356,3,356,Vũ Văn Linh,Phố Nhớ (753),Bolero
13,ID_319,3,319,Ngô Hữu Phúc,Lời Yêu Say (673),Bolero
13,ID_286,4,286,Bùi Minh Cường,Hoa Thương (814),Rap
13,ID_206,3,206,Phạm Hữu Sơn,Mây Rơi (266),Pop
13,ID_226,5,226,Lý Anh Hà,Tình Nhớ (702),Jazz
13,ID_221,4,221,Nguyễn Quang Mai,Hoa Nhớ (311),Ballad
13,ID_406,4,406,Đỗ Hữu Hà,Đường Mơ (363),Lo-fi
13,ID_253,5,253,Vũ Xuân Tuấn,Tình Buồn (431),Dance
13,ID_99,4,99,Vũ Bảo Huy,Biển Buồn (971),Indie
13,ID_566,4,566,Lê Tuấn Hà,Kỷ Niệm Đau (244),Dance
13,ID_340,5,340,Vũ Thị Hạnh,Mây Vui (177),Rock
13,ID_54,3,54,Đặng Minh Sơn,Mưa Lặng (665),Lo-fi
13,ID_24,4,24,Nguyễn Minh Hạnh,Mây Buồn (497),Indie
13,ID_517,3,517,Lê Anh Hạnh,Phố Quên (179),Dance
13,ID_385,4,385,Hồ Phương Trang,Mưa Mơ (150),Lo-fi
13,ID_25,4,25,Trần Thị Phúc,Hoa Thương (199),Lo-fi
13,ID_331,3,331,Hồ Thị Lan,Trăng Sầu (426),Rock
13,ID_449,3,449,Nguyễn Anh Trang,Phố Quên (991),Pop
13,ID_176,4,176,Đỗ Tuấn Hà,Kỷ Niệm Say (979),Rock
13,ID_240,4,240,Lê Quang Mai,Phố Lạ (482),Dance
13,ID_565,5,565,Hồ Văn Hương,Phố Thương (457),Indie
13,ID_361,4,361,Dương Văn Hương,Kỷ Niệm Say (604),Ballad
13,ID_288,4,288,Trần Minh Dũng,Hoa Nhớ (705),Dance
13,ID_96,5,96,Nguyễn Quang Tuấn,Mây Lạ (103),Bolero
13,ID_470,4,470,Ngô Thị Huy,Tình Nhớ (794),Ballad
13,ID_409,3,409,Lý Tuấn Đông,Mây Đau (627),Dance
13,ID_217,4,217,Phạm Thị Huy,Mưa Buồn (736),Dance
13,ID_583,5,583,Lý Thị Cường,Mây Vui (570),Rock
13,ID_222,3,222,Hồ Phương Dũng,Lời Yêu Mơ (671),Indie
13,ID_45,5,45,Bùi Đức Tuấn,Biển Lạ (896),Indie
13,ID_599,3,599,Lý Bảo Hạnh,Mây Đau (513),Ballad
14,ID_539,3,539,Phạm Ngọc Phi,Trăng Sầu (123),Indie
14,ID_14,5,14,Lê Quang Sơn,Mưa Nhớ (338),Ballad
14,ID_599,4,599,Lý Bảo Hạnh,Mây Đau (513),Ballad
14,ID_204,4,204,Vũ Văn Mai,Gió Sầu (240),Rock
14,ID_87,4,87,Phan Hữu Hạnh,Trăng Thương (778),Jazz
14,ID_38,5,38,Trương Anh Tâm,Biển Buồn (336),R&B
14,ID_319,4,319,Ngô Hữu Phúc,Lời Yêu Say (673),Bolero
14,ID_454,4,454,Dương Tuấn Lan,Mây Sầu (210),Ballad
14,ID_382,3,382,Dương Quang Nam,Trăng Buồn (712),Bolero
14,ID_499,5,499,Ngô Hữu Linh,Mây Quên (138),R&B
14,ID_525,3,525,Phạm Anh Huy,Phố Đau (873),Rap
14,ID_140,5,140,Lý Văn Trang,Mây Thương (544),Pop
14,ID_57,3,57,Ngô Đức Hạnh,Gió Sầu (223),Rap
14,ID_72,4,72,Trương Tuấn Sơn,Gió Rơi (843),Jazz
14,ID_354,5,354,Bùi Đức Mai,Giấc Mơ Quên (885),Indie
14,ID_595,5,595,Phạm Ngọc Dũng,Lời Yêu Lạ (291),Pop
14,ID_240,3,240,Lê Quang Mai,Phố Lạ (482),Dance
14,ID_236,5,236,Trương Tuấn Trang,Gió Rơi (733),Pop
14,ID_225,3,225,Dương Anh Huy,Giấc Mơ Buồn (699),Rap
14,ID_187,3,187,Hoàng Quang Phi,Phố Buồn (638),Rap
14,ID_594,3,594,Phạm Ngọc Quân,Trăng Nhớ (129),Rap
14,ID_498,5,498,Dương Ngọc Nam,Hoa Thương (596),Lo-fi
14,ID_350,3,350,Đỗ Xuân Trang,Giấc Mơ Xa (562),Dance
14,ID_185,5,185,Vũ Phương Hạnh,Mây Buồn (603),Rap
14,ID_505,4,505,Trương Tuấn Lan,Trăng Say (394),R&B
14,ID_47,4,47,Dương Tuấn Tâm,Phố Thương (528),Ballad
14,ID_229,4,229,Hồ Đức Tâm,Biển Quên (730),Rap
14,ID_263,5,263,Lê Quang Cường,Tình Buồn (573),R&B
14,ID_302,5,302,Dương Anh Phúc,Gió Thương (224),Rap
14,ID_88,5,88,Lý Văn Dũng,Tình Sầu (460),Ballad
14,ID_342,4,342,Bùi Hữu Sơn,Biển Mơ (190),R&B
14,ID_52,3,52,Trương Minh Mai,Giấc Mơ Buồn (717),Pop
14,ID_398,4,398,Lê Khánh Hương,Phố Rơi (566),Bolero
14,ID_557,4,557,Lý Hữu Cường,Nắng Nhớ (301),Pop
14,ID_465,4,465,Lê Tuấn Nam,Mưa Quên (208),Dance
14,ID_106,3,106,Đỗ Khánh Dũng,Đường Buồn (538),R&B
14,ID_30,5,30,Hồ Phương Đông,Mưa Lạ (530),Indie
14,ID_189,4,189,Lê Quang Phúc,Tình Buồn (303),Rock
14,ID_5,4,5,Dương Minh Mai,Hoa Đau (131),Jazz
14,ID_435,3,435,Phan Phương Trang,Mưa Sầu (592),Pop
15,ID_413,3,413,Trần Văn Sơn,Mây Lạ (845),Lo-fi
15,ID_177,4,177,Lý Anh Huy,Trăng Lặng (639),Rap
15,ID_318,3,318,Trần Anh Nam,Gió Rơi (208),Rock
15,ID_40,5,40,Lý Minh Lan,Mây Đau (524),Pop
15,ID_530,3,530,Trần Bảo Dũng,Phố Lặng (820),Lo-fi
15,ID_228,4,228,Đỗ Tuấn Phi,Hoa Thương (608),Jazz
15,ID_150,4,150,Phan Thị Phúc,Kỷ Niệm Thương (822),Lo-fi
15,ID_168,5,168,Dương Văn Hương,Mây Xa (185),Dance
15,ID_212,3,212,Đỗ Khánh Tâm,Kỷ Niệm Rơi (310),Dance
15,ID_496,5,496,Trần Tuấn Nam,Giấc Mơ Xa (338),Indie
15,ID_105,3,105,Phan Xuân Phúc,Đường Mơ (527),Jazz
15,ID_102,3,102,Phạm Khánh Phúc,Phố Say (615),Dance
15,ID_203,3,203,Dương Xuân Huy,Tình Mơ (732),Bolero
15,ID_536,5,536,Nguyễn Khánh Huy,Hoa Rơi (738),Rock
15,ID_520,5,520,Đặng Tuấn Dũng,Đường Nhớ (330),Rock
15,ID_499,5,499,Ngô Hữu Linh,Mây Quên (138),R&B
15,ID_236,4,236,Trương Tuấn Trang,Gió Rơi (733),Pop
15,ID_94,4,94,Bùi Đức Trang,Lời Yêu Mơ (887),R&B
15,ID_458,5,458,Phạm Ngọc Dũng,Trăng Vui (552),Jazz
15,ID_327,3,327,Lý Thị Lan,Trăng Nhớ (150),R&B
15,ID_126,4,126,Hoàng Phương Dũng,Kỷ Niệm Xa (942),Jazz
15,ID_371,5,371,Hoàng Xuân Hà,Hoa Thương (427),Rap
15,ID_269,4,269,Dương Bảo Sơn,Kỷ Niệm Lạ (302),Dance
15,ID_500,3,500,Lê Bảo Tâm,Gió Vui (482),Dance
15,ID_484,5,484,Vũ Hữu Trang,Kỷ Niệm Thương (911),Rock
15,ID_592,3,592,Lê Đức Mai,Gió Rơi (697),Lo-fi
15,ID_80,5,80,Đỗ Đức Dũng,Tình Quên (801),Rock
15,ID_156,5,156,Trần Xuân Quân,Phố Lạ (267),Jazz
15,ID_199,4,199,Đỗ Văn Phi,Kỷ Niệm Đau (166),Jazz
15,ID_425,3,425,Dương Văn Huy,Kỷ Niệm Nhớ (955),R&B
15,ID_287,5,287,Đặng Khánh Tuấn,Hoa Mơ (955),Indie
15,ID_161,3,161,Phạm Ngọc Sơn,Lời Yêu Say (253),R&B
15,ID_88,4,88,Lý Văn Dũng,Tình Sầu (460),Ballad
15,ID_467,5,467,Trần Anh Phúc,Nắng Thương (609),Pop
15,ID_414,4,414,Phạm Ngọc Mai,Biển Quên (861),Pop
15,ID_62,5,62,Hồ Thị Huy,Biển Đau (283),Rap
15,ID_60,5,60,Phan Ngọc Phúc,Kỷ Niệm Sầu (997),Lo-fi
15,ID_389,4,389,Hồ Xuân Tuấn,Biển Rơi (761),Rock
15,ID_490,4,490,Phan Tuấn Trang,Mưa Xa (242),Ballad
15,ID_384,5,384,Lý Tuấn Huy,Nắng Xa (282),Bolero
16,ID_73,5,73,Trần Hữu Cường,Lời Yêu Say (118),R&B
16,ID_374,3,374,Đặng Hữu Phúc,Đường Thương (607),Lo-fi
16,ID_433,4,433,Trần Đức Lan,Đường Rơi (555),Pop
16,ID_414,3,414,Phạm Ngọc Mai,Biển Quên (861),Pop
16,ID_589,5,589,Hồ Quang Nam,Nắng Nhớ (377),Lo-fi
16,ID_308,3,308,Vũ Tuấn Huy,Trăng Say (270),Bolero
16,ID_151,4,151,Nguyễn Minh Hà,Hoa Buồn (191),Rap
16,ID_399,5,399,Dương Thị Nam,Mưa Quên (345),Indie
16,ID_201,4,201,Đỗ Văn Đông,Mây Say (159),Rap
16,ID_507,5,507,Phan Văn Đông,Gió Quên (455),R&B
16,ID_345,4,345,Lê Văn Lan,Phố Lạ (997),Rock
16,ID_480,4,480,Trương Quang Quân,Giấc Mơ Nhớ (267),Ballad
16,ID_75,4,75,Nguyễn Quang Nam,Mây Rơi (820),Jazz
16,ID_551,4,551,Lê Văn Trang,Giấc Mơ Say (280),Pop
16,ID_461,5,461,Dương Minh Dũng,Hoa Say (500),Rap
16,ID_431,3,431,Trương Anh Phúc,Mưa Nhớ (205),Dance
16,ID_283,4,283,Đặng Ngọc Linh,Trăng Đau (743),Ballad
16,ID_221,4,221,Nguyễn Quang Mai,Hoa Nhớ (311),Ballad
16,ID_358,4,358,Vũ Văn Quân,Lời Yêu Xa (349),Indie
16,ID_102,4,102,Phạm Khánh Phúc,Phố Say (615),Dance
16,ID_180,3,180,Hồ Xuân Đông,Mây Thương (754),Pop
16,ID_543,3,543,Phạm Hữu Quân,Lời Yêu Lạ (339),Rock
16,ID_256,4,256,Đỗ Bảo Hương,Đường Rơi (412),Indie
16,ID_400,3,400,Hồ Minh Trang,Trăng Vui (353),R&B
16,ID_478,4,478,Dương Hữu Hà,Mây Lặng (798),Dance
16,ID_288,4,288,Trần Minh Dũng,Hoa Nhớ (705),Dance
16,ID_548,4,548,Ngô Quang Linh,Đường Say (623),R&B
16,ID_376,5,376,Phạm Thị Nam,Phố Vui (887),Jazz
16,ID_467,4,467,Trần Anh Phúc,Nắng Thương (609),Pop
16,ID_360,3,360,Nguyễn Tuấn Lan,Phố Quên (881),Dance
16,ID_474,4,474,Đỗ Hữu Đông,Đường Nhớ (882),Rap
16,ID_24,3,24,Nguyễn Minh Hạnh,Mây Buồn (497),Indie
16,ID_338,3,338,Bùi Phương Phi,Phố Sầu (329),R&B
16,ID_212,5,212,Đỗ Khánh Tâm,Kỷ Niệm Rơi (310),Dance
16,ID_67,5,67,Lý Đức Huy,Đường Đau (814),R&B
16,ID_468,3,468,Lý Thị Phi,Tình Lạ (282),Ballad
16,ID_517,5,517,Lê Anh Hạnh,Phố Quên (179),Dance
16,ID_549,5,549,Đặng Bảo Linh,Tình Nhớ (923),Ballad
16,ID_7,4,7,Lý Anh Hương,Tình Sầu (162),Ballad
16,ID_597,5,597,Lê Quang Hà,Kỷ Niệm Mơ (635),Ballad
17,ID_232,5,232,Vũ Phương Hà,Đường Rơi (789),Dance
17,ID_472,3,472,Nguyễn Văn Đông,Lời Yêu Sầu (461),Dance
17,ID_104,5,104,Dương Hữu Quân,Nắng Buồn (613),Pop
17,ID_166,5,166,Phan Khánh Huy,Nắng Sầu (369),Dance
17,ID_380,5,380,Vũ Minh Tuấn,Trăng Quên (146),Pop
17,ID_286,3,286,Bùi Minh Cường,Hoa Thương (814),Rap
17,ID_139,3,139,Ngô Anh Cường,Nắng Xa (944),Bolero
17,ID_384,3,384,Lý Tuấn Huy,Nắng Xa (282),Bolero
17,ID_571,4,571,Vũ Xuân Quân,Lời Yêu Buồn (357),Pop
17,ID_46,5,46,Lê Ngọc Tuấn,Mưa Thương (367),R&B
17,ID_595,3,595,Phạm Ngọc Dũng,Lời Yêu Lạ (291),Pop
17,ID_287,5,287,Đặng Khánh Tuấn,Hoa Mơ (955),Indie
17,ID_497,4,497,Trương Quang Phúc,Gió Rơi (627),Ballad
17,ID_84,5,84,Phạm Minh Linh,Trăng Đau (712),R&B
17,ID_553,4,553,Trương Quang Hương,Mưa Lặng (241),R&B
17,ID_563,3,563,Lý Ngọc Hương,Biển Đau (583),Lo-fi
17,ID_519,4,519,Nguyễn Văn Phi,Mưa Nhớ (431),Indie
17,ID_37,5,37,Lê Phương Quân,Mưa Lạ (181),Dance
17,ID_370,5,370,Lý Quang Quân,Mưa Thương (158),Rap
17,ID_525,5,525,Phạm Anh Huy,Phố Đau (873),Rap
17,ID_97,5,97,Hoàng Khánh Huy,Hoa Đau (949),Lo-fi
17,ID_180,3,180,Hồ Xuân Đông,Mây Thương (754),Pop
17,ID_115,3,115,Dương Văn Linh,Đường Lặng (663),Pop
17,ID_272,5,272,Hồ Bảo Đông,Gió Quên (889),Indie
17,ID_255,5,255,Phan Phương Tâm,Mưa Thương (368),Pop
17,ID_594,3,594,Phạm Ngọc Quân,Trăng Nhớ (129),Rap
17,ID_385,5,385,Hồ Phương Trang,Mưa Mơ (150),Lo-fi
17,ID_277,3,277,Nguyễn Quang Phi,Lời Yêu Nhớ (884),Pop
17,ID_453,3,453,Lê Khánh Cường,Phố Thương (389),Bolero
17,ID_376,3,376,Phạm Thị Nam,Phố Vui (887),Jazz
17,ID_2,5,2,Lý Phương Cường,Đường Mơ (177),Indie
17,ID_549,4,549,Đặng Bảo Linh,Tình Nhớ (923),Ballad
17,ID_137,3,137,Phan Khánh Đông,Hoa Lạ (685),Ballad
17,ID_132,5,132,Nguyễn Minh Mai,Biển Nhớ (826),Pop
17,ID_3,4,3,Ngô Hữu Tâm,Lời Yêu Thương (200),R&B
17,ID_176,5,176,Đỗ Tuấn Hà,Kỷ Niệm Say (979),Rock
17,ID_242,3,242,Bùi Thị Quân,Đường Vui (107),Rock
17,ID_86,4,86,Trần Phương Mai,Tình Rơi (241),Pop
17,ID_257,4,257,Vũ Tuấn Nam,Mưa Đau (784),R&B
17,ID_22,5,22,Đỗ Văn Mai,Mây Sầu (330),Indie
18,ID_452,3,452,Bùi Khánh Linh,Phố Rơi (139),Rock
18,ID_316,4,316,Dương Khánh Đông,Hoa Lạ (780),Lo-fi
18,ID_238,5,238,Dương Ngọc Đông,Biển Xa (843),Lo-fi
18,ID_356,5,356,Vũ Văn Linh,Phố Nhớ (753),Bolero
18,ID_73,5,73,Trần Hữu Cường,Lời Yêu Say (118),R&B
18,ID_184,3,184,Đặng Anh Phi,Kỷ Niệm Lạ (249),Dance
18,ID_21,5,21,Đỗ Tuấn Cường,Mây Xa (726),Bolero
18,ID_467,4,467,Trần Anh Phúc,Nắng Thương (609),Pop
18,ID_473,3,473,Dương Quang Hương,Biển Say (591),Jazz
18,ID_566,3,566,Lê Tuấn Hà,Kỷ Niệm Đau (244),Dance
18,ID_182,3,182,Trần Bảo Lan,Nắng Đau (913),Pop
18,ID_383,5,383,Lê Quang Dũng,Giấc Mơ Rơi (844),Dance
18,ID_227,3,227,Vũ Anh Huy,Phố Say (192),Lo-fi
18,ID_334,3,334,Hoàng Bảo Phúc,Lời Yêu Quên (111),Pop
18,ID_393,3,393,Hồ Xuân Phi,Giấc Mơ Rơi (248),Dance
18,ID_317,5,317,Lý Ngọc Đông,Mưa Rơi (859),R&B
18,ID_384,3,384,Lý Tuấn Huy,Nắng Xa (282),Bolero
18,ID_360,4,360,Nguyễn Tuấn Lan,Phố Quên (881),Dance
18,ID_272,4,272,Hồ Bảo Đông,Gió Quên (889),Indie
18,ID_387,5,387,Lý Xuân Dũng,Lời Yêu Buồn (956),Rock
18,ID_439,5,439,Dương Phương Nam,Trăng Xa (748),Indie
18,ID_103,4,103,Trương Bảo Tâm,Đường Lạ (854),Ballad
18,ID_188,4,188,Vũ Xuân Sơn,Giấc Mơ Lạ (784),Dance
18,ID_167,3,167,Bùi Bảo Hà,Phố Đau (237),Bolero
18,ID_150,4,150,Phan Thị Phúc,Kỷ Niệm Thương (822),Lo-fi
18,ID_441,5,441,Trương Văn Quân,Mưa Buồn (549),Indie
18,ID_445,3,445,Ngô Anh Đông,Nắng Đau (545),Rap
18,ID_172,4,172,Trần Hữu Tâm,Lời Yêu Thương (431),Rock
18,ID_578,3,578,Phan Đức Đông,Mây Say (360),Ballad
18,ID_354,3,354,Bùi Đức Mai,Giấc Mơ Quên (885),Indie
18,ID_295,4,295,Phạm Anh Tuấn,Mây Sầu (399),Bolero
18,ID_514,4,514,Vũ Xuân Dũng,Lời Yêu Buồn (165),Lo-fi
18,ID_437,5,437,Bùi Anh Phi,Kỷ Niệm Vui (845),Rap
18,ID_57,3,57,Ngô Đức Hạnh,Gió Sầu (223),Rap
18,ID_284,4,284,Hoàng Khánh Quân,Nắng Thương (664),Rock
18,ID_119,5,119,Vũ Phương Cường,Nắng Thương (531),Bolero
18,ID_502,4,502,Lê Khánh Phúc,Đường Đau (839),Rap
18,ID_465,4,465,Lê Tuấn Nam,Mưa Quên (208),Dance
18,ID_388,3,388,Trương Xuân Phúc,Biển Thương (775),Bolero
18,ID_120,5,120,Lê Thị Quân,Trăng Thương (703),Indie
19,ID_528,3,528,Trần Ngọc Nam,Đường Quên (388),Bolero
19,ID_593,3,593,Nguyễn Ngọc Dũng,Giấc Mơ Buồn (765),Dance
19,ID_273,3,273,Hồ Bảo Huy,Nắng Say (104),Pop
19,ID_217,4,217,Phạm Thị Huy,Mưa Buồn (736),Dance
19,ID_311,3,311,Dương Thị Cường,Lời Yêu Say (751),Indie
19,ID_473,5,473,Dương Quang Hương,Biển Say (591),Jazz
19,ID_582,3,582,Hoàng Đức Trang,Nắng Đau (730),Ballad
19,ID_272,4,272,Hồ Bảo Đông,Gió Quên (889),Indie
19,ID_30,3,30,Hồ Phương Đông,Mưa Lạ (530),Indie
19,ID_250,5,250,Đỗ Đức Hạnh,Gió Lặng (254),Ballad
19,ID_447,4,447,Lê Bảo Huy,Trăng Mơ (723),R&B
19,ID_360,5,360,Nguyễn Tuấn Lan,Phố Quên (881),Dance
19,ID_248,4,248,Đặng Bảo Trang,Mây Quên (470),Indie
19,ID_62,3,62,Hồ Thị Huy,Biển Đau (283),Rap
19,ID_335,3,335,Phạm Tuấn Dũng,Kỷ Niệm Mơ (402),Dance
19,ID_576,4,576,Trương Anh Linh,Mây Vui (926),Indie
19,ID_547,3,547,Dương Khánh Nam,Biển Rơi (649),Indie
19,ID_307,3,307,Trần Văn Quân,Gió Quên (200),Pop
19,ID_341,5,341,Phan Hữu Đông,Gió Rơi (554),Bolero
19,ID_475,5,475,Đặng Hữu Hà,Mưa Rơi (849),Rap
19,ID_91,5,91,Vũ Tuấn Hạnh,Hoa Quên (887),Jazz
19,ID_31,4,31,Đặng Văn Lan,Đường Quên (892),Indie
19,ID_598,3,598,Trần Văn Phúc,Biển Mơ (523),Bolero
19,ID_153,5,153,Bùi Bảo Tuấn,Giấc Mơ Vui (655),Ballad
19,ID_58,5,58,Lê Xuân Hà,Phố Đau (550),Pop
19,ID_172,3,172,Trần Hữu Tâm,Lời Yêu Thương (431),Rock
19,ID_358,3,358,Vũ Văn Quân,Lời Yêu Xa (349),Indie
19,ID_597,5,597,Lê Quang Hà,Kỷ Niệm Mơ (635),Ballad
19,ID_456,5,456,Vũ Minh Trang,Biển Thương (625),Bolero
19,ID_587,5,587,Dương Ngọc Sơn,Đường Lặng (290),Ballad
19,ID_169,4,169,Trần Phương Phi,Nắng Quên (823),Indie
19,ID_549,4,549,Đặng Bảo Linh,Tình Nhớ (923),Ballad
19,ID_316,3,316,Dương Khánh Đông,Hoa Lạ (780),Lo-fi
19,ID_263,4,263,Lê Quang Cường,Tình Buồn (573),R&B
19,ID_157,4,157,Trương Anh Tâm,Tình Lặng (867),Jazz
19,ID_233,3,233,Lê Văn Trang,Phố Sầu (800),R&B
19,ID_260,5,260,Nguyễn Đức Phi,Đường Xa (882),Jazz
19,ID_402,3,402,Bùi Thị Trang,Trăng Đau (189),Ballad
19,ID_505,3,505,Trương Tuấn Lan,Trăng Say (394),R&B
19,ID_46,4,46,Lê Ngọc Tuấn,Mưa Thương (367),R&B
20,ID_243,5,243,Hoàng Ngọc Linh,Mưa Quên (409),Ballad
20,ID_221,5,221,Nguyễn Quang Mai,Hoa Nhớ (311),Ballad
20,ID_86,3,86,Trần Phương Mai,Tình Rơi (241),Pop
20,ID_163,5,163,Ngô Anh Sơn,Mây Say (668),Lo-fi
20,ID_435,5,435,Phan Phương Trang,Mưa Sầu (592),Pop
20,ID_5,5,5,Dương Minh Mai,Hoa Đau (131),Jazz
20,ID_521,4,521,Trương Khánh Hạnh,Mây Lạ (692),Jazz
20,ID_525,5,525,Phạm Anh Huy,Phố Đau (873),Rap
20,ID_349,4,349,Trần Ngọc Trang,Gió Buồn (606),Lo-fi
20,ID_284,4,284,Hoàng Khánh Quân,Nắng Thương (664),Rock
20,ID_73,3,73,Trần Hữu Cường,Lời Yêu Say (118),R&B
20,ID_434,3,434,Phan Minh Tâm,Mưa Mơ (437),Ballad
20,ID_2,4,2,Lý Phương Cường,Đường Mơ (177),Indie
20,ID_359,5,359,Trần Xuân Linh,Nắng Rơi (878),Bolero
20,ID_239,4,239,Đặng Hữu Phi,Biển Lạ (594),Bolero
20,ID_101,5,101,Ngô Thị Tuấn,Nắng Thương (405),Rap
20,ID_425,3,425,Dương Văn Huy,Kỷ Niệm Nhớ (955),R&B
20,ID_245,5,245,Hồ Đức Nam,Gió Lạ (477),Indie
20,ID_59,5,59,Nguyễn Đức Hương,Lời Yêu Nhớ (501),Rock
20,ID_191,3,191,Trương Ngọc Hà,Tình Đau (224),Ballad
20,ID_292,3,292,Phan Đức Dũng,Hoa Lặng (231),Dance
20,ID_390,5,390,Trần Văn Linh,Mưa Rơi (252),Jazz
20,ID_479,3,479,Nguyễn Thị Nam,Kỷ Niệm Vui (871),Rock
20,ID_194,3,194,Phạm Hữu Trang,Lời Yêu Lạ (519),Lo-fi
20,ID_324,5,324,Lê Minh Tâm,Phố Xa (858),Lo-fi
20,ID_280,3,280,Phan Đức Linh,Lời Yêu Lặng (243),Dance
20,ID_118,3,118,Trương Xuân Dũng,Trăng Đau (709),R&B
20,ID_495,5,495,Ngô Tuấn Sơn,Lời Yêu Nhớ (787),Rap
20,ID_584,3,584,Trần Xuân Quân,Biển Rơi (741),Lo-fi
20,ID_533,5,533,Bùi Văn Mai,Kỷ Niệm Thương (408),Indie
20,ID_260,4,260,Nguyễn Đức Phi,Đường Xa (882),Jazz
20,ID_365,5,365,Đỗ Anh Dũng,Hoa Vui (843),Indie
20,ID_554,4,554,Ngô Bảo Đông,Đường Lạ (217),Rap
20,ID_145,3,145,Trương Khánh Hạnh,Mây Nhớ (697),Rap
20,ID_447,5,447,Lê Bảo Huy,Trăng Mơ (723),R&B
20,ID_417,3,417,Nguyễn Văn Cường,Hoa Lạ (892),Lo-fi
20,ID_173,3,173,Trần Thị Trang,Phố Nhớ (143),Jazz
20,ID_328,4,328,Bùi Tuấn Hạnh,Hoa Buồn (697),Rock
20,ID_465,5,465,Lê Tuấn Nam,Mưa Quên (208),Dance
20,ID_112,5,112,Dương Minh Phi,Mưa Thương (474),Jazz
21,ID_354,3,354,Bùi Đức Mai,Giấc Mơ Quên (885),Indie
21,ID_160,4,160,Lê Tuấn Sơn,Đường Rơi (900),Rock
21,ID_401,3,401,Dương Tuấn Trang,Lời Yêu Thương (194),Bolero
21,ID_217,3,217,Phạm Thị Huy,Mưa Buồn (736),Dance
21,ID_457,5,457,Lê Bảo Đông,Tình Đau (755),Bolero
21,ID_507,4,507,Phan Văn Đông,Gió Quên (455),R&B
21,ID_30,5,30,Hồ Phương Đông,Mưa Lạ (530),Indie
21,ID_389,3,389,Hồ Xuân Tuấn,Biển Rơi (761),Rock
21,ID_433,5,433,Trần Đức Lan,Đường Rơi (555),Pop
21,ID_109,4,109,Trần Hữu Phi,Biển Say (558),R&B
21,ID_533,4,533,Bùi Văn Mai,Kỷ Niệm Thương (408),Indie
21,ID_468,4,468,Lý Thị Phi,Tình Lạ (282),Ballad
21,ID_370,5,370,Lý Quang Quân,Mưa Thương (158),Rap
21,ID_53,4,53,Đặng Phương Quân,Biển Xa (294),Bolero
21,ID_42,4,42,Hoàng Tuấn Sơn,Mưa Buồn (909),Dance
21,ID_8,3,8,Hoàng Khánh Hà,Mưa Đau (232),Rock
21,ID_130,3,130,Bùi Thị Quân,Trăng Vui (977),Pop
21,ID_91,4,91,Vũ Tuấn Hạnh,Hoa Quên (887),Jazz
21,ID_106,5,106,Đỗ Khánh Dũng,Đường Buồn (538),R&B
21,ID_451,4,451,Ngô Khánh Quân,Đường Say (611),Indie
21,ID_165,4,165,Ngô Thị Hạnh,Hoa Vui (592),Indie
21,ID_388,4,388,Trương Xuân Phúc,Biển Thương (775),Bolero
21,ID_243,3,243,Hoàng Ngọc Linh,Mưa Quên (409),Ballad
21,ID_439,3,439,Dương Phương Nam,Trăng Xa (748),Indie
21,ID_308,3,308,Vũ Tuấn Huy,Trăng Say (270),Bolero
21,ID_131,4,131,Phạm Ngọc Hạnh,Mây Lặng (107),Ballad
21,ID_395,5,395,Nguyễn Phương Nam,Mưa Nhớ (546),Lo-fi
21,ID_139,3,139,Ngô Anh Cường,Nắng Xa (944),Bolero
21,ID_593,4,593,Nguyễn Ngọc Dũng,Giấc Mơ Buồn (765),Dance
21,ID_207,3,207,Phạm Khánh Dũng,Biển Đau (468),Indie
21,ID_82,5,82,Phan Đức Dũng,Biển Lặng (299),Jazz
21,ID_296,4,296,Hồ Hữu Hạnh,Mưa Sầu (120),Rap
21,ID_176,3,176,Đỗ Tuấn Hà,Kỷ Niệm Say (979),Rock
21,ID_52,3,52,Trương Minh Mai,Giấc Mơ Buồn (717),Pop
21,ID_437,5,437,Bùi Anh Phi,Kỷ Niệm Vui (845),Rap
21,ID_525,4,525,Phạm Anh Huy,Phố Đau (873),Rap
21,ID_514,4,514,Vũ Xuân Dũng,Lời Yêu Buồn (165),Lo-fi
21,ID_145,3,145,Trương Khánh Hạnh,Mây Nhớ (697),Rap
21,ID_229,5,229,Hồ Đức Tâm,Biển Quên (730),Rap
21,ID_400,3,400,Hồ Minh Trang,Trăng Vui (353),R&B
22,ID_55,5,55,Lý Hữu Lan,Đường Mơ (824),Lo-fi
22,ID_559,5,559,Lê Xuân Cường,Biển Thương (374),Indie
22,ID_529,5,529,Dương Khánh Dũng,Mưa Quên (514),Ballad
22,ID_461,3,461,Dương Minh Dũng,Hoa Say (500),Rap
22,ID_322,5,322,Ngô Hữu Dũng,Nắng Đau (654),Pop
22,ID_392,4,392,Hoàng Đức Tuấn,Nắng Rơi (813),Bolero
22,ID_481,5,481,Nguyễn Tuấn Phúc,Đường Xa (971),Indie
22,ID_121,5,121,Lý Tuấn Trang,Lời Yêu Lặng (827),Lo-fi
22,ID_552,3,552,Lê Quang Lan,Kỷ Niệm Thương (876),Bolero
22,ID_175,5,175,Ngô Xuân Phi,Tình Rơi (435),R&B
22,ID_409,4,409,Lý Tuấn Đông,Mây Đau (627),Dance
22,ID_308,5,308,Vũ Tuấn Huy,Trăng Say (270),Bolero
22,ID_469,3,469,Đặng Tuấn Trang,Gió Lạ (608),Rock
22,ID_416,5,416,Bùi Quang Tâm,Đường Mơ (393),Bolero
22,ID_343,5,343,Dương Xuân Đông,Kỷ Niệm Quên (587),Lo-fi
22,ID_372,3,372,Lê Văn Dũng,Giấc Mơ Xa (955),Dance
22,ID_156,3,156,Trần Xuân Quân,Phố Lạ (267),Jazz
22,ID_199,5,199,Đỗ Văn Phi,Kỷ Niệm Đau (166),Jazz
22,ID_517,5,517,Lê Anh Hạnh,Phố Quên (179),Dance
22,ID_418,5,418,Lý Phương Đông,Gió Mơ (226),Rap
22,ID_330,3,330,Hồ Minh Phúc,Kỷ Niệm Rơi (872),Indie
22,ID_525,3,525,Phạm Anh Huy,Phố Đau (873),Rap
22,ID_270,3,270,Nguyễn Ngọc Quân,Nắng Thương (728),Pop
22,ID_161,5,161,Phạm Ngọc Sơn,Lời Yêu Say (253),R&B
22,ID_261,4,261,Phan Văn Tuấn,Mây Xa (629),R&B
22,ID_122,5,122,Đặng Anh Sơn,Phố Sầu (609),Jazz
22,ID_511,3,511,Trần Bảo Phi,Nắng Rơi (980),Pop
22,ID_171,3,171,Hoàng Khánh Sơn,Trăng Buồn (772),Ballad
22,ID_523,4,523,Phan Đức Tuấn,Lời Yêu Lạ (979),R&B
22,ID_91,4,91,Vũ Tuấn Hạnh,Hoa Quên (887),Jazz
22,ID_486,4,486,Dương Xuân Hương,Kỷ Niệm Nhớ (186),Jazz
22,ID_72,4,72,Trương Tuấn Sơn,Gió Rơi (843),Jazz
22,ID_318,3,318,Trần Anh Nam,Gió Rơi (208),Rock
22,ID_245,5,245,Hồ Đức Nam,Gió Lạ (477),Indie
22,ID_379,5,379,Hồ Hữu Linh,Trăng Say (298),Bolero
22,ID_331,4,331,Hồ Thị Lan,Trăng Sầu (426),Rock
22,ID_238,5,238,Dương Ngọc Đông,Biển Xa (843),Lo-fi
22,ID_361,3,361,Dương Văn Hương,Kỷ Niệm Say (604),Ballad
22,ID_339,3,339,Bùi Văn Tâm,Mây Lạ (865),Bolero
22,ID_405,4,405,Dương Ngọc Hương,Biển Quên (895),Ballad
23,ID_534,3,534,Lý Anh Phúc,Biển Lặng (722),Rock
23,ID_521,5,521,Trương Khánh Hạnh,Mây Lạ (692),Jazz
23,ID_45,4,45,Bùi Đức Tuấn,Biển Lạ (896),Indie
23,ID_505,5,505,Trương Tuấn Lan,Trăng Say (394),R&B
23,ID_484,3,484,Vũ Hữu Trang,Kỷ Niệm Thương (911),Rock
23,ID_214,3,214,Phạm Văn Hạnh,Lời Yêu Lặng (840),Jazz
23,ID_472,5,472,Nguyễn Văn Đông,Lời Yêu Sầu (461),Dance
23,ID_180,5,180,Hồ Xuân Đông,Mây Thương (754),Pop
23,ID_436,3,436,Nguyễn Phương Hương,Phố Vui (372),Rap
23,ID_88,4,88,Lý Văn Dũng,Tình Sầu (460),Ballad
23,ID_528,5,528,Trần Ngọc Nam,Đường Quên (388),Bolero
23,ID_421,3,421,Hồ Hữu Phi,Tình Đau (919),Rock
23,ID_206,5,206,Phạm Hữu Sơn,Mây Rơi (266),Pop
23,ID_71,5,71,Ngô Văn Mai,Biển Lặng (753),Jazz
23,ID_531,3,531,Lê Minh Trang,Kỷ Niệm Đau (984),Lo-fi
23,ID_199,5,199,Đỗ Văn Phi,Kỷ Niệm Đau (166),Jazz
23,ID_562,5,562,Đỗ Thị Cường,Hoa Xa (966),Lo-fi
23,ID_127,5,127,Hoàng Quang Tâm,Kỷ Niệm Rơi (115),Ballad
23,ID_186,3,186,Đỗ Ngọc Đông,Nắng Thương (870),Bolero
23,ID_223,5,223,Hồ Khánh Dũng,Mây Buồn (830),Indie
23,ID_569,5,569,Ngô Phương Huy,Biển Quên (680),Dance
23,ID_137,5,137,Phan Khánh Đông,Hoa Lạ (685),Ballad
23,ID_490,5,490,Phan Tuấn Trang,Mưa Xa (242),Ballad
23,ID_550,5,550,Đỗ Anh Quân,Phố Buồn (350),Bolero
23,ID_458,4,458,Phạm Ngọc Dũng,Trăng Vui (552),Jazz
23,ID_597,3,597,Lê Quang Hà,Kỷ Niệm Mơ (635),Ballad
23,ID_7,4,7,Lý Anh Hương,Tình Sầu (162),Ballad
23,ID_578,3,578,Phan Đức Đông,Mây Say (360),Ballad
23,ID_143,3,143,Lý Minh Lan,Giấc Mơ Đau (316),Ballad
23,ID_402,3,402,Bùi Thị Trang,Trăng Đau (189),Ballad
23,ID_575,5,575,Hoàng Đức Quân,Mây Buồn (343),Lo-fi
23,ID_42,4,42,Hoàng Tuấn Sơn,Mưa Buồn (909),Dance
23,ID_383,5,383,Lê Quang Dũng,Giấc Mơ Rơi (844),Dance
23,ID_256,5,256,Đỗ Bảo Hương,Đường Rơi (412),Indie
23,ID_406,5,406,Đỗ Hữu Hà,Đường Mơ (363),Lo-fi
23,ID_146,5,146,Phan Anh Mai,Trăng Xa (711),Pop
23,ID_183,4,183,Nguyễn Phương Huy,Trăng Lạ (531),Dance
23,ID_149,3,149,Đỗ Thị Mai,Trăng Đau (344),Pop
23,ID_526,3,526,Trương Quang Hương,Đường Thương (754),Dance
23,ID_265,5,265,Vũ Anh Cường,Hoa Mơ (272),Rap
24,ID_205,3,205,Trương Khánh Linh,Phố Buồn (284),Rock
24,ID_95,5,95,Đỗ Quang Linh,Giấc Mơ Quên (100),Bolero
24,ID_259,3,259,Trương Hữu Cường,Tình Vui (147),R&B
24,ID_263,5,263,Lê Quang Cường,Tình Buồn (573),R&B
24,ID_294,3,294,Dương Xuân Trang,Tình Quên (736),Rap
24,ID_400,5,400,Hồ Minh Trang,Trăng Vui (353),R&B
24,ID_559,3,559,Lê Xuân Cường,Biển Thương (374),Indie
24,ID_456,5,456,Vũ Minh Trang,Biển Thương (625),Bolero
24,ID_125,4,125,Phạm Phương Đông,Mây Xa (125),Indie
24,ID_1,4,1,Lý Tuấn Hạnh,Hoa Say (475),Dance
24,ID_169,5,169,Trần Phương Phi,Nắng Quên (823),Indie
24,ID_68,4,68,Lý Quang Trang,Nắng Vui (139),R&B
24,ID_177,5,177,Lý Anh Huy,Trăng Lặng (639),Rap
24,ID_542,5,542,Hồ Minh Tâm,Mây Vui (727),Indie
24,ID_366,4,366,Hồ Đức Cường,Gió Quên (187),Lo-fi
24,ID_99,5,99,Vũ Bảo Huy,Biển Buồn (971),Indie
24,ID_421,3,421,Hồ Hữu Phi,Tình Đau (919),Rock
24,ID_347,5,347,Ngô Xuân Linh,Nắng Lạ (782),R&B
24,ID_419,5,419,Trương Quang Đông,Mây Sầu (101),Bolero
24,ID_182,5,182,Trần Bảo Lan,Nắng Đau (913),Pop
24,ID_220,3,220,Hồ Hữu Lan,Lời Yêu Sầu (954),Lo-fi
24,ID_504,4,504,Đỗ Đức Huy,Mây Mơ (603),Jazz
24,ID_257,3,257,Vũ Tuấn Nam,Mưa Đau (784),R&B
24,ID_336,5,336,Trần Khánh Trang,Đường Sầu (486),Indie
24,ID_207,3,207,Phạm Khánh Dũng,Biển Đau (468),Indie
24,ID_403,4,403,Hoàng Xuân Trang,Đường Say (201),Pop
24,ID_429,3,429,Lê Minh Dũng,Phố Vui (397),Rock
24,ID_51,5,51,Lê Phương Linh,Nắng Say (158),Ballad
24,ID_333,3,333,Phan Xuân Hạnh,Lời Yêu Sầu (252),Bolero
24,ID_310,3,310,Phạm Xuân Tuấn,Phố Lạ (393),Ballad
24,ID_277,3,277,Nguyễn Quang Phi,Lời Yêu Nhớ (884),Pop
24,ID_534,5,534,Lý Anh Phúc,Biển Lặng (722),Rock
24,ID_192,4,192,Vũ Anh Trang,Trăng Sầu (748),Rock
24,ID_295,4,295,Phạm Anh Tuấn,Mây Sầu (399),Bolero
24,ID_150,4,150,Phan Thị Phúc,Kỷ Niệm Thương (822),Lo-fi
24,ID_554,4,554,Ngô Bảo Đông,Đường Lạ (217),Rap
24,ID_15,4,15,Đặng Quang Hương,Hoa Lạ (615),Ballad
24,ID_409,4,409,Lý Tuấn Đông,Mây Đau (627),Dance
24,ID_186,4,186,Đỗ Ngọc Đông,Nắng Thương (870),Bolero
24,ID_477,5,477,Lý Thị Lan,Mây Rơi (902),Dance
25,ID_115,5,115,Dương Văn Linh,Đường Lặng (663),Pop
25,ID_379,5,379,Hồ Hữu Linh,Trăng Say (298),Bolero
25,ID_240,3,240,Lê Quang Mai,Phố Lạ (482),Dance
25,ID_78,5,78,Ngô Thị Mai,Mây Lạ (614),Indie
25,ID_560,3,560,Hồ Tuấn Huy,Đường Sầu (227),Jazz
25,ID_344,4,344,Ngô Đức Trang,Phố Xa (961),Jazz
25,ID_193,3,193,Ngô Hữu Đông,Tình Quên (358),Jazz
25,ID_355,4,355,Nguyễn Ngọc Quân,Mây Say (940),Pop
25,ID_484,3,484,Vũ Hữu Trang,Kỷ Niệm Thương (911),Rock
25,ID_267,5,267,Ngô Văn Hạnh,Phố Say (702),Jazz
25,ID_80,3,80,Đỗ Đức Dũng,Tình Quên (801),Rock
25,ID_403,4,403,Hoàng Xuân Trang,Đường Say (201),Pop
25,ID_340,4,340,Vũ Thị Hạnh,Mây Vui (177),Rock
25,ID_483,5,483,Phạm Anh Dũng,Nắng Quên (184),R&B
25,ID_452,4,452,Bùi Khánh Linh,Phố Rơi (139),Rock
25,ID_487,3,487,Vũ Minh Quân,Giấc Mơ Mơ (169),Lo-fi
25,ID_234,3,234,Lý Thị Dũng,Mưa Vui (864),Lo-fi
25,ID_445,3,445,Ngô Anh Đông,Nắng Đau (545),Rap
25,ID_592,4,592,Lê Đức Mai,Gió Rơi (697),Lo-fi
25,ID_70,5,70,Đặng Tuấn Sơn,Biển Rơi (400),R&B
25,ID_25,5,25,Trần Thị Phúc,Hoa Thương (199),Lo-fi
25,ID_435,3,435,Phan Phương Trang,Mưa Sầu (592),Pop
25,ID_390,3,390,Trần Văn Linh,Mưa Rơi (252),Jazz
25,ID_64,3,64,Bùi Hữu Quân,Đường Xa (539),Jazz
25,ID_71,5,71,Ngô Văn Mai,Biển Lặng (753),Jazz
25,ID_46,5,46,Lê Ngọc Tuấn,Mưa Thương (367),R&B
25,ID_22,4,22,Đỗ Văn Mai,Mây Sầu (330),Indie
25,ID_586,3,586,Lý Văn Trang,Trăng Mơ (719),Bolero
25,ID_161,3,161,Phạm Ngọc Sơn,Lời Yêu Say (253),R&B
25,ID_358,4,358,Vũ Văn Quân,Lời Yêu Xa (349),Indie
25,ID_454,5,454,Dương Tuấn Lan,Mây Sầu (210),Ballad
25,ID_233,5,233,Lê Văn Trang,Phố Sầu (800),R&B
25,ID_491,3,491,Vũ Minh Phi,Kỷ Niệm Lặng (563),Ballad
25,ID_28,4,28,Hồ Ngọc Phúc,Phố Quên (884),Rap
25,ID_35,3,35,Trần Văn Huy,Lời Yêu Quên (202),Dance
25,ID_149,5,149,Đỗ Thị Mai,Trăng Đau (344),Pop
25,ID_383,3,383,Lê Quang Dũng,Giấc Mơ Rơi (844),Dance
25,ID_205,4,205,Trương Khánh Linh,Phố Buồn (284),Rock
25,ID_168,4,168,Dương Văn Hương,Mây Xa (185),Dance
25,ID_343,5,343,Dương Xuân Đông,Kỷ Niệm Quên (587),Lo-fi
26,ID_197,5,197,Đặng Bảo Mai,Tình Sầu (930),Indie
26,ID_581,5,581,Hồ Anh Tuấn,Giấc Mơ Quên (973),Dance
26,ID_147,5,147,Trần Hữu Huy,Biển Lạ (680),Dance
26,ID_423,5,423,Phan Minh Đông,Lời Yêu Lặng (151),R&B
26,ID_478,5,478,Dương Hữu Hà,Mây Lặng (798),Dance
26,ID_571,3,571,Vũ Xuân Quân,Lời Yêu Buồn (357),Pop
26,ID_572,4,572,Đỗ Minh Mai,Mây Say (678),Jazz
26,ID_412,3,412,Nguyễn Minh Linh,Nắng Nhớ (259),Bolero
26,ID_269,4,269,Dương Bảo Sơn,Kỷ Niệm Lạ (302),Dance
26,ID_298,4,298,Phan Quang Mai,Gió Rơi (465),Lo-fi
26,ID_81,5,81,Đặng Minh Sơn,Đường Rơi (426),Rap
26,ID_391,4,391,Lý Khánh Linh,Lời Yêu Quên (300),Pop
26,ID_311,4,311,Dương Thị Cường,Lời Yêu Say (751),Indie
26,ID_466,5,466,Đỗ Bảo Dũng,Tình Buồn (774),Jazz
26,ID_221,3,221,Nguyễn Quang Mai,Hoa Nhớ (311),Ballad
26,ID_115,3,115,Dương Văn Linh,Đường Lặng (663),Pop
26,ID_444,3,444,Hồ Xuân Quân,Gió Say (277),Pop
26,ID_357,3,357,Phan Thị Huy,Hoa Rơi (627),Lo-fi
26,ID_511,3,511,Trần Bảo Phi,Nắng Rơi (980),Pop
26,ID_76,4,76,Trương Khánh Cường,Phố Buồn (987),Jazz
26,ID_556,3,556,Phan Xuân Lan,Mây Say (151),R&B
26,ID_134,4,134,Đỗ Phương Đông,Hoa Lặng (455),Jazz
26,ID_60,5,60,Phan Ngọc Phúc,Kỷ Niệm Sầu (997),Lo-fi
26,ID_438,3,438,Trương Hữu Tuấn,Tình Thương (627),Lo-fi
26,ID_480,5,480,Trương Quang Quân,Giấc Mơ Nhớ (267),Ballad
26,ID_38,5,38,Trương Anh Tâm,Biển Buồn (336),R&B
26,ID_110,3,110,Bùi Phương Nam,Giấc Mơ Lặng (946),Lo-fi
26,ID_519,5,519,Nguyễn Văn Phi,Mưa Nhớ (431),Indie
26,ID_331,3,331,Hồ Thị Lan,Trăng Sầu (426),Rock
26,ID_250,4,250,Đỗ Đức Hạnh,Gió Lặng (254),Ballad
26,ID_43,5,43,Bùi Ngọc Linh,Hoa Lạ (652),Rap
26,ID_443,5,443,Hoàng Thị Dũng,Kỷ Niệm Rơi (551),Rock
26,ID_555,4,555,Vũ Ngọc Phi,Tình Mơ (810),Pop
26,ID_41,4,41,Phan Quang Cường,Phố Sầu (404),Pop
26,ID_405,4,405,Dương Ngọc Hương,Biển Quên (895),Ballad
26,ID_551,4,551,Lê Văn Trang,Giấc Mơ Say (280),Pop
26,ID_183,3,183,Nguyễn Phương Huy,Trăng Lạ (531),Dance
26,ID_361,3,361,Dương Văn Hương,Kỷ Niệm Say (604),Ballad
26,ID_290,5,290,Phan Xuân Quân,Kỷ Niệm Rơi (842),Jazz
26,ID_284,3,284,Hoàng Khánh Quân,Nắng Thương (664),Rock
27,ID_466,5,466,Đỗ Bảo Dũng,Tình Buồn (774),Jazz
27,ID_420,4,420,Đỗ Hữu Hà,Giấc Mơ Đau (742),Jazz
27,ID_116,5,116,Đặng Anh Quân,Gió Say (901),Jazz
27,ID_105,3,105,Phan Xuân Phúc,Đường Mơ (527),Jazz
27,ID_230,5,230,Vũ Thị Hà,Phố Lặng (381),Pop
27,ID_98,4,98,Đặng Ngọc Sơn,Lời Yêu Say (803),Indie
27,ID_124,5,124,Lý Phương Cường,Nắng Thương (221),Rap
27,ID_476,3,476,Đặng Xuân Trang,Mưa Đau (919),Dance
27,ID_325,4,325,Vũ Khánh Tuấn,Gió Rơi (497),Indie
27,ID_425,3,425,Dương Văn Huy,Kỷ Niệm Nhớ (955),R&B
27,ID_579,4,579,Đỗ Tuấn Phúc,Lời Yêu Mơ (908),Ballad
27,ID_301,5,301,Nguyễn Văn Lan,Mưa Xa (562),Dance
27,ID_322,3,322,Ngô Hữu Dũng,Nắng Đau (654),Pop
27,ID_268,3,268,Lê Quang Tuấn,Hoa Nhớ (861),Dance
27,ID_324,3,324,Lê Minh Tâm,Phố Xa (858),Lo-fi
27,ID_351,3,351,Dương Quang Tuấn,Phố Vui (471),Pop
27,ID_568,4,568,Nguyễn Đức Tâm,Giấc Mơ Mơ (464),Jazz
27,ID_175,5,175,Ngô Xuân Phi,Tình Rơi (435),R&B
27,ID_544,3,544,Đỗ Ngọc Dũng,Biển Thương (545),Bolero
27,ID_339,3,339,Bùi Văn Tâm,Mây Lạ (865),Bolero
27,ID_273,3,273,Hồ Bảo Huy,Nắng Say (104),Pop
27,ID_125,5,125,Phạm Phương Đông,Mây Xa (125),Indie
27,ID_278,3,278,Hồ Tuấn Phúc,Đường Mơ (575),Rock
27,ID_85,4,85,Trương Ngọc Đông,Biển Say (254),Indie
27,ID_532,3,532,Dương Xuân Nam,Kỷ Niệm Xa (936),Bolero
27,ID_191,5,191,Trương Ngọc Hà,Tình Đau (224),Ballad
27,ID_396,5,396,Bùi Hữu Phi,Kỷ Niệm Sầu (550),Dance
27,ID_518,5,518,Bùi Ngọc Mai,Lời Yêu Say (785),Pop
27,ID_135,5,135,Vũ Minh Phi,Giấc Mơ Vui (831),Lo-fi
27,ID_369,3,369,Đỗ Văn Hương,Đường Nhớ (825),Ballad
27,ID_366,3,366,Hồ Đức Cường,Gió Quên (187),Lo-fi
27,ID_149,3,149,Đỗ Thị Mai,Trăng Đau (344),Pop
27,ID_385,3,385,Hồ Phương Trang,Mưa Mơ (150),Lo-fi
27,ID_590,3,590,Đặng Minh Huy,Kỷ Niệm Rơi (820),Dance
27,ID_238,3,238,Dương Ngọc Đông,Biển Xa (843),Lo-fi
27,ID_229,4,229,Hồ Đức Tâm,Biển Quên (730),Rap
27,ID_556,4,556,Phan Xuân Lan,Mây Say (151),R&B
27,ID_2,5,2,Lý Phương Cường,Đường Mơ (177),Indie
27,ID_354,3,354,Bùi Đức Mai,Giấc Mơ Quên (885),Indie
27,ID_421,3,421,Hồ Hữu Phi,Tình Đau (919),Rock
28,ID_491,3,491,Vũ Minh Phi,Kỷ Niệm Lặng (563),Ballad
28,ID_257,4,257,Vũ Tuấn Nam,Mưa Đau (784),R&B
28,ID_304,5,304,Dương Xuân Phúc,Đường Xa (125),Bolero
28,ID_100,5,100,Hồ Bảo Tâm,Tình Xa (188),Ballad
28,ID_34,4,34,Phạm Bảo Hương,Kỷ Niệm Sầu (925),Indie
28,ID_203,3,203,Dương Xuân Huy,Tình Mơ (732),Bolero
28,ID_226,5,226,Lý Anh Hà,Tình Nhớ (702),Jazz
28,ID_282,5,282,Trần Văn Hạnh,Giấc Mơ Mơ (101),R&B
28,ID_568,4,568,Nguyễn Đức Tâm,Giấc Mơ Mơ (464),Jazz
28,ID_453,4,453,Lê Khánh Cường,Phố Thương (389),Bolero
28,ID_535,3,535,Đỗ Thị Mai,Tình Mơ (448),Bolero
28,ID_33,4,33,Phạm Minh Quân,Phố Lặng (864),Bolero
28,ID_169,5,169,Trần Phương Phi,Nắng Quên (823),Indie
28,ID_464,4,464,Lý Quang Tâm,Lời Yêu Rơi (380),Jazz
28,ID_215,3,215,Phạm Văn Đông,Biển Lạ (643),R&B
28,ID_368,5,368,Nguyễn Đức Hương,Giấc Mơ Lạ (604),Indie
28,ID_459,5,459,Ngô Anh Phúc,Trăng Sầu (382),Bolero
28,ID_524,3,524,Trần Văn Linh,Phố Đau (240),Bolero
28,ID_35,3,35,Trần Văn Huy,Lời Yêu Quên (202),Dance
28,ID_46,3,46,Lê Ngọc Tuấn,Mưa Thương (367),R&B
28,ID_416,3,416,Bùi Quang Tâm,Đường Mơ (393),Bolero
28,ID_177,3,177,Lý Anh Huy,Trăng Lặng (639),Rap
28,ID_343,4,343,Dương Xuân Đông,Kỷ Niệm Quên (587),Lo-fi
28,ID_355,5,355,Nguyễn Ngọc Quân,Mây Say (940),Pop
28,ID_14,4,14,Lê Quang Sơn,Mưa Nhớ (338),Ballad
28,ID_288,3,288,Trần Minh Dũng,Hoa Nhớ (705),Dance
28,ID_546,4,546,Đỗ Xuân Dũng,Gió Xa (243),Dance
28,ID_140,3,140,Lý Văn Trang,Mây Thương (544),Pop
28,ID_458,3,458,Phạm Ngọc Dũng,Trăng Vui (552),Jazz
28,ID_478,5,478,Dương Hữu Hà,Mây Lặng (798),Dance
28,ID_522,3,522,Trần Tuấn Huy,Phố Mơ (395),Lo-fi
28,ID_101,3,101,Ngô Thị Tuấn,Nắng Thương (405),Rap
28,ID_45,5,45,Bùi Đức Tuấn,Biển Lạ (896),Indie
28,ID_322,5,322,Ngô Hữu Dũng,Nắng Đau (654),Pop
28,ID_359,3,359,Trần Xuân Linh,Nắng Rơi (878),Bolero
28,ID_267,5,267,Ngô Văn Hạnh,Phố Say (702),Jazz
28,ID_442,5,442,Phan Khánh Hương,Biển Vui (782),Dance
28,ID_189,5,189,Lê Quang Phúc,Tình Buồn (303),Rock
28,ID_98,3,98,Đặng Ngọc Sơn,Lời Yêu Say (803),Indie
28,ID_380,5,380,Vũ Minh Tuấn,Trăng Quên (146),Pop
29,ID_453,3,453,Lê Khánh Cường,Phố Thương (389),Bolero
29,ID_495,4,495,Ngô Tuấn Sơn,Lời Yêu Nhớ (787),Rap
29,ID_238,4,238,Dương Ngọc Đông,Biển Xa (843),Lo-fi
29,ID_231,5,231,Lý Ngọc Hạnh,Phố Nhớ (475),Rap
29,ID_351,5,351,Dương Quang Tuấn,Phố Vui (471),Pop
29,ID_296,5,296,Hồ Hữu Hạnh,Mưa Sầu (120),Rap
29,ID_443,5,443,Hoàng Thị Dũng,Kỷ Niệm Rơi (551),Rock
29,ID_361,4,361,Dương Văn Hương,Kỷ Niệm Say (604),Ballad
29,ID_87,4,87,Phan Hữu Hạnh,Trăng Thương (778),Jazz
29,ID_473,4,473,Dương Quang Hương,Biển Say (591),Jazz
29,ID_464,3,464,Lý Quang Tâm,Lời Yêu Rơi (380),Jazz
29,ID_172,4,172,Trần Hữu Tâm,Lời Yêu Thương (431),Rock
29,ID_543,5,543,Phạm Hữu Quân,Lời Yêu Lạ (339),Rock
29,ID_469,4,469,Đặng Tuấn Trang,Gió Lạ (608),Rock
29,ID_447,3,447,Lê Bảo Huy,Trăng Mơ (723),R&B
29,ID_112,3,112,Dương Minh Phi,Mưa Thương (474),Jazz
29,ID_27,4,27,Bùi Hữu Dũng,Kỷ Niệm Mơ (439),Pop
29,ID_177,3,177,Lý Anh Huy,Trăng Lặng (639),Rap
29,ID_455,4,455,Hoàng Tuấn Dũng,Phố Say (247),Pop
29,ID_164,5,164,Đỗ Khánh Linh,Biển Đau (442),Indie
29,ID_285,4,285,Lý Khánh Trang,Trăng Quên (409),Rap
29,ID_181,3,181,Trương Ngọc Tuấn,Kỷ Niệm Buồn (453),R&B
29,ID_256,4,256,Đỗ Bảo Hương,Đường Rơi (412),Indie
29,ID_312,3,312,Trương Đức Trang,Biển Quên (593),R&B
29,ID_412,3,412,Nguyễn Minh Linh,Nắng Nhớ (259),Bolero
29,ID_63,5,63,Đỗ Văn Dũng,Biển Nhớ (688),Bolero
29,ID_189,4,189,Lê Quang Phúc,Tình Buồn (303),Rock
29,ID_415,5,415,Hồ Đức Tuấn,Giấc Mơ Vui (469),Lo-fi
29,ID_276,3,276,Phan Minh Dũng,Nắng Buồn (296),Ballad
29,ID_400,4,400,Hồ Minh Trang,Trăng Vui (353),R&B
29,ID_197,5,197,Đặng Bảo Mai,Tình Sầu (930),Indie
29,ID_241,5,241,Đặng Thị Mai,Đường Thương (909),Ballad
29,ID_320,3,320,Hoàng Xuân Dũng,Biển Sầu (298),R&B
29,ID_273,4,273,Hồ Bảo Huy,Nắng Say (104),Pop
29,ID_341,5,341,Phan Hữu Đông,Gió Rơi (554),Bolero
29,ID_550,4,550,Đỗ Anh Quân,Phố Buồn (350),Bolero
29,ID_596,3,596,Phạm Quang Huy,Đường Đau (470),Rock
29,ID_83,3,83,Bùi Anh Hương,Hoa Buồn (611),Jazz
29,ID_380,5,380,Vũ Minh Tuấn,Trăng Quên (146),Pop
29,ID_16,5,16,Nguyễn Phương Mai,Tình Mơ (740),Jazz
30,ID_260,5,260,Nguyễn Đức Phi,Đường Xa (882),Jazz
30,ID_9,3,9,Phạm Anh Phúc,Gió Đau (622),Jazz
30,ID_184,3,184,Đặng Anh Phi,Kỷ Niệm Lạ (249),Dance
30,ID_107,5,107,Trương Minh Dũng,Đường Nhớ (796),Lo-fi
30,ID_121,4,121,Lý Tuấn Trang,Lời Yêu Lặng (827),Lo-fi
30,ID_78,4,78,Ngô Thị Mai,Mây Lạ (614),Indie
30,ID_567,3,567,Hoàng Xuân Huy,Mây Xa (683),Rock
30,ID_403,5,403,Hoàng Xuân Trang,Đường Say (201),Pop
30,ID_287,4,287,Đặng Khánh Tuấn,Hoa Mơ (955),Indie
30,ID_202,3,202,Lý Tuấn Tuấn,Hoa Mơ (480),R&B
30,ID_238,3,238,Dương Ngọc Đông,Biển Xa (843),Lo-fi
30,ID_117,4,117,Lý Hữu Tâm,Mưa Say (151),Pop
30,ID_600,3,600,Đặng Khánh Hạnh,Đường Nhớ (376),Pop
30,ID_596,3,596,Phạm Quang Huy,Đường Đau (470),Rock
30,ID_338,3,338,Bùi Phương Phi,Phố Sầu (329),R&B
30,ID_61,3,61,Ngô Hữu Mai,Trăng Lạ (903),Dance
30,ID_305,3,305,Bùi Thị Đông,Phố Buồn (261),Indie
30,ID_594,3,594,Phạm Ngọc Quân,Trăng Nhớ (129),Rap
30,ID_215,4,215,Phạm Văn Đông,Biển Lạ (643),R&B
30,ID_445,5,445,Ngô Anh Đông,Nắng Đau (545),Rap
30,ID_161,4,161,Phạm Ngọc Sơn,Lời Yêu Say (253),R&B
30,ID_425,5,425,Dương Văn Huy,Kỷ Niệm Nhớ (955),R&B
30,ID_317,3,317,Lý Ngọc Đông,Mưa Rơi (859),R&B
30,ID_320,3,320,Hoàng Xuân Dũng,Biển Sầu (298),R&B
30,ID_475,3,475,Đặng Hữu Hà,Mưa Rơi (849),Rap
30,ID_25,5,25,Trần Thị Phúc,Hoa Thương (199),Lo-fi
30,ID_199,4,199,Đỗ Văn Phi,Kỷ Niệm Đau (166),Jazz
30,ID_247,4,247,Đỗ Bảo Hạnh,Lời Yêu Mơ (671),Pop
30,ID_315,4,315,Phan Anh Tuấn,Lời Yêu Mơ (822),R&B
30,ID_418,5,418,Lý Phương Đông,Gió Mơ (226),Rap
30,ID_530,5,530,Trần Bảo Dũng,Phố Lặng (820),Lo-fi
30,ID_152,3,152,Đỗ Thị Hà,Biển Lặng (547),R&B
30,ID_414,4,414,Phạm Ngọc Mai,Biển Quên (861),Pop
30,ID_510,5,510,Hồ Bảo Dũng,Lời Yêu Rơi (304),R&B
30,ID_233,4,233,Lê Văn Trang,Phố Sầu (800),R&B
30,ID_236,3,236,Trương Tuấn Trang,Gió Rơi (733),Pop
30,ID_512,5,512,Hoàng Hữu Nam,Mây Say (448),Pop
30,ID_496,4,496,Trần Tuấn Nam,Giấc Mơ Xa (338),Indie
30,ID_90,5,90,Hồ Anh Linh,Đường Quên (117),Indie
30,ID_85,3,85,Trương Ngọc Đông,Biển Say (254),Indie
31,ID_237,5,237,Hồ Minh Sơn,Nắng Thương (234),Pop
31,ID_499,5,499,Ngô Hữu Linh,Mây Quên (138),R&B
31,ID_576,5,576,Trương Anh Linh,Mây Vui (926),Indie
31,ID_160,3,160,Lê Tuấn Sơn,Đường Rơi (900),Rock
31,ID_580,5,580,Lý Khánh Phúc,Đường Quên (452),Jazz
31,ID_325,5,325,Vũ Khánh Tuấn,Gió Rơi (497),Indie
31,ID_583,3,583,Lý Thị Cường,Mây Vui (570),Rock
31,ID_108,3,108,Hoàng Phương Đông,Hoa Buồn (637),Jazz
31,ID_132,4,132,Nguyễn Minh Mai,Biển Nhớ (826),Pop
31,ID_479,5,479,Nguyễn Thị Nam,Kỷ Niệm Vui (871),Rock
31,ID_181,5,181,Trương Ngọc Tuấn,Kỷ Niệm Buồn (453),R&B
31,ID_150,4,150,Phan Thị Phúc,Kỷ Niệm Thương (822),Lo-fi
31,ID_149,3,149,Đỗ Thị Mai,Trăng Đau (344),Pop
31,ID_228,4,228,Đỗ Tuấn Phi,Hoa Thương (608),Jazz
31,ID_419,4,419,Trương Quang Đông,Mây Sầu (101),Bolero
31,ID_98,3,98,Đặng Ngọc Sơn,Lời Yêu Say (803),Indie
31,ID_591,5,591,Nguyễn Anh Huy,Kỷ Niệm Say (927),Pop
31,ID_430,3,430,Trần Phương Hà,Lời Yêu Lạ (517),Dance
31,ID_429,3,429,Lê Minh Dũng,Phố Vui (397),Rock
31,ID_274,4,274,Bùi Thị Sơn,Nắng Quên (969),Dance
31,ID_562,5,562,Đỗ Thị Cường,Hoa Xa (966),Lo-fi
31,ID_121,5,121,Lý Tuấn Trang,Lời Yêu Lặng (827),Lo-fi
31,ID_312,5,312,Trương Đức Trang,Biển Quên (593),R&B
31,ID_13,4,13,Lê Quang Tâm,Phố Đau (963),R&B
31,ID_543,3,543,Phạm Hữu Quân,Lời Yêu Lạ (339),Rock
31,ID_477,5,477,Lý Thị Lan,Mây Rơi (902),Dance
31,ID_564,4,564,Bùi Minh Đông,Nắng Sầu (942),Indie
31,ID_25,5,25,Trần Thị Phúc,Hoa Thương (199),Lo-fi
31,ID_36,4,36,Lê Đức Huy,Phố Buồn (652),Dance
31,ID_512,4,512,Hoàng Hữu Nam,Mây Say (448),Pop
31,ID_561,4,561,Hồ Quang Tuấn,Biển Vui (785),Pop
31,ID_307,4,307,Trần Văn Quân,Gió Quên (200),Pop
31,ID_194,3,194,Phạm Hữu Trang,Lời Yêu Lạ (519),Lo-fi
31,ID_58,3,58,Lê Xuân Hà,Phố Đau (550),Pop
31,ID_70,4,70,Đặng Tuấn Sơn,Biển Rơi (400),R&B
31,ID_90,3,90,Hồ Anh Linh,Đường Quên (117),Indie
31,ID_294,3,294,Dương Xuân Trang,Tình Quên (736),Rap
31,ID_408,5,408,Lý Anh Huy,Phố Vui (925),Pop
31,ID_348,3,348,Trương Minh Cường,Hoa Quên (586),Rock
31,ID_460,4,460,Ngô Đức Phúc,Lời Yêu Rơi (187),Pop
32,ID_8,3,8,Hoàng Khánh Hà,Mưa Đau (232),Rock
32,ID_76,4,76,Trương Khánh Cường,Phố Buồn (987),Jazz
32,ID_233,3,233,Lê Văn Trang,Phố Sầu (800),R&B
32,ID_492,5,492,Trương Thị Cường,Nắng Buồn (516),Lo-fi
32,ID_402,3,402,Bùi Thị Trang,Trăng Đau (189),Ballad
32,ID_424,3,424,Hồ Hữu Trang,Tình Nhớ (897),Rock
32,ID_507,3,507,Phan Văn Đông,Gió Quên (455),R&B
32,ID_241,4,241,Đặng Thị Mai,Đường Thương (909),Ballad
32,ID_306,4,306,Ngô Minh Trang,Biển Xa (348),Lo-fi
32,ID_118,4,118,Trương Xuân Dũng,Trăng Đau (709),R&B
32,ID_586,5,586,Lý Văn Trang,Trăng Mơ (719),Bolero
32,ID_337,3,337,Trần Hữu Tuấn,Tình Buồn (676),Lo-fi
32,ID_425,5,425,Dương Văn Huy,Kỷ Niệm Nhớ (955),R&B
32,ID_501,5,501,Phan Đức Linh,Phố Thương (171),Bolero
32,ID_94,5,94,Bùi Đức Trang,Lời Yêu Mơ (887),R&B
32,ID_44,3,44,Nguyễn Ngọc Hương,Đường Quên (961),Ballad
32,ID_414,5,414,Phạm Ngọc Mai,Biển Quên (861),Pop
32,ID_98,5,98,Đặng Ngọc Sơn,Lời Yêu Say (803),Indie
32,ID_322,5,322,Ngô Hữu Dũng,Nắng Đau (654),Pop
32,ID_399,5,399,Dương Thị Nam,Mưa Quên (345),Indie
32,ID_137,5,137,Phan Khánh Đông,Hoa Lạ (685),Ballad
32,ID_138,5,138,Hoàng Bảo Lan,Lời Yêu Mơ (793),Rock
32,ID_515,3,515,Ngô Phương Linh,Giấc Mơ Lặng (485),Dance
32,ID_495,4,495,Ngô Tuấn Sơn,Lời Yêu Nhớ (787),Rap
32,ID_576,5,576,Trương Anh Linh,Mây Vui (926),Indie
32,ID_228,3,228,Đỗ Tuấn Phi,Hoa Thương (608),Jazz
32,ID_546,3,546,Đỗ Xuân Dũng,Gió Xa (243),Dance
32,ID_307,5,307,Trần Văn Quân,Gió Quên (200),Pop
32,ID_32,4,32,Phan Văn Trang,Tình Lặng (379),R&B
32,ID_450,5,450,Trương Quang Đông,Kỷ Niệm Say (988),Pop
32,ID_243,3,243,Hoàng Ngọc Linh,Mưa Quên (409),Ballad
32,ID_600,3,600,Đặng Khánh Hạnh,Đường Nhớ (376),Pop
32,ID_580,4,580,Lý Khánh Phúc,Đường Quên (452),Jazz
32,ID_136,5,136,Phạm Anh Sơn,Kỷ Niệm Rơi (668),Ballad
32,ID_45,3,45,Bùi Đức Tuấn,Biển Lạ (896),Indie
32,ID_292,3,292,Phan Đức Dũng,Hoa Lặng (231),Dance
32,ID_81,3,81,Đặng Minh Sơn,Đường Rơi (426),Rap
32,ID_369,3,369,Đỗ Văn Hương,Đường Nhớ (825),Ballad
32,ID_169,4,169,Trần Phương Phi,Nắng Quên (823),Indie
32,ID_313,3,313,Đặng Tuấn Sơn,Trăng Buồn (386),Jazz
33,ID_561,4,561,Hồ Quang Tuấn,Biển Vui (785),Pop
33,ID_382,5,382,Dương Quang Nam,Trăng Buồn (712),Bolero
33,ID_330,3,330,Hồ Minh Phúc,Kỷ Niệm Rơi (872),Indie
33,ID_288,4,288,Trần Minh Dũng,Hoa Nhớ (705),Dance
33,ID_490,4,490,Phan Tuấn Trang,Mưa Xa (242),Ballad
33,ID_340,4,340,Vũ Thị Hạnh,Mây Vui (177),Rock
33,ID_295,3,295,Phạm Anh Tuấn,Mây Sầu (399),Bolero
33,ID_61,5,61,Ngô Hữu Mai,Trăng Lạ (903),Dance
33,ID_481,5,481,Nguyễn Tuấn Phúc,Đường Xa (971),Indie
33,ID_474,4,474,Đỗ Hữu Đông,Đường Nhớ (882),Rap
33,ID_233,3,233,Lê Văn Trang,Phố Sầu (800),R&B
33,ID_486,4,486,Dương Xuân Hương,Kỷ Niệm Nhớ (186),Jazz
33,ID_559,4,559,Lê Xuân Cường,Biển Thương (374),Indie
33,ID_222,4,222,Hồ Phương Dũng,Lời Yêu Mơ (671),Indie
33,ID_435,5,435,Phan Phương Trang,Mưa Sầu (592),Pop
33,ID_231,3,231,Lý Ngọc Hạnh,Phố Nhớ (475),Rap
33,ID_477,4,477,Lý Thị Lan,Mây Rơi (902),Dance
33,ID_506,4,506,Nguyễn Quang Trang,Mưa Vui (196),Dance
33,ID_14,5,14,Lê Quang Sơn,Mưa Nhớ (338),Ballad
33,ID_416,3,416,Bùi Quang Tâm,Đường Mơ (393),Bolero
33,ID_553,4,553,Trương Quang Hương,Mưa Lặng (241),R&B
33,ID_401,4,401,Dương Tuấn Trang,Lời Yêu Thương (194),Bolero
33,ID_234,4,234,Lý Thị Dũng,Mưa Vui (864),Lo-fi
33,ID_597,3,597,Lê Quang Hà,Kỷ Niệm Mơ (635),Ballad
33,ID_285,4,285,Lý Khánh Trang,Trăng Quên (409),Rap
33,ID_493,5,493,Nguyễn Anh Mai,Kỷ Niệm Thương (662),R&B
33,ID_430,4,430,Trần Phương Hà,Lời Yêu Lạ (517),Dance
33,ID_342,4,342,Bùi Hữu Sơn,Biển Mơ (190),R&B
33,ID_533,3,533,Bùi Văn Mai,Kỷ Niệm Thương (408),Indie
33,ID_544,3,544,Đỗ Ngọc Dũng,Biển Thương (545),Bolero
33,ID_464,5,464,Lý Quang Tâm,Lời Yêu Rơi (380),Jazz
33,ID_381,4,381,Nguyễn Hữu Hà,Hoa Buồn (514),Ballad
33,ID_436,4,436,Nguyễn Phương Hương,Phố Vui (372),Rap
33,ID_592,3,592,Lê Đức Mai,Gió Rơi (697),Lo-fi
33,ID_598,3,598,Trần Văn Phúc,Biển Mơ (523),Bolero
33,ID_48,3,48,Bùi Quang Quân,Lời Yêu Sầu (803),Lo-fi
33,ID_438,3,438,Trương Hữu Tuấn,Tình Thương (627),Lo-fi
33,ID_354,3,354,Bùi Đức Mai,Giấc Mơ Quên (885),Indie
33,ID_428,5,428,Hoàng Văn Sơn,Biển Say (216),Dance
33,ID_530,4,530,Trần Bảo Dũng,Phố Lặng (820),Lo-fi
34,ID_507,3,507,Phan Văn Đông,Gió Quên (455),R&B
34,ID_301,3,301,Nguyễn Văn Lan,Mưa Xa (562),Dance
34,ID_194,4,194,Phạm Hữu Trang,Lời Yêu Lạ (519),Lo-fi
34,ID_11,5,11,Phan Văn Linh,Mây Đau (675),Lo-fi
34,ID_22,4,22,Đỗ Văn Mai,Mây Sầu (330),Indie
34,ID_486,5,486,Dương Xuân Hương,Kỷ Niệm Nhớ (186),Jazz
34,ID_393,5,393,Hồ Xuân Phi,Giấc Mơ Rơi (248),Dance
34,ID_88,3,88,Lý Văn Dũng,Tình Sầu (460),Ballad
34,ID_570,4,570,Phan Đức Hạnh,Mây Thương (416),Dance
34,ID_563,3,563,Lý Ngọc Hương,Biển Đau (583),Lo-fi
34,ID_512,3,512,Hoàng Hữu Nam,Mây Say (448),Pop
34,ID_285,3,285,Lý Khánh Trang,Trăng Quên (409),Rap
34,ID_357,3,357,Phan Thị Huy,Hoa Rơi (627),Lo-fi
34,ID_481,4,481,Nguyễn Tuấn Phúc,Đường Xa (971),Indie
34,ID_220,4,220,Hồ Hữu Lan,Lời Yêu Sầu (954),Lo-fi
34,ID_436,3,436,Nguyễn Phương Hương,Phố Vui (372),Rap
34,ID_547,4,547,Dương Khánh Nam,Biển Rơi (649),Indie
34,ID_330,5,330,Hồ Minh Phúc,Kỷ Niệm Rơi (872),Indie
34,ID_10,3,10,Lý Anh Nam,Trăng Vui (905),Lo-fi
34,ID_386,4,386,Hồ Quang Đông,Lời Yêu Quên (195),Dance
34,ID_484,4,484,Vũ Hữu Trang,Kỷ Niệm Thương (911),Rock
34,ID_57,5,57,Ngô Đức Hạnh,Gió Sầu (223),Rap
34,ID_463,4,463,Bùi Tuấn Sơn,Nắng Say (342),Rap
34,ID_411,3,411,Lý Ngọc Phúc,Phố Lạ (305),R&B
34,ID_320,3,320,Hoàng Xuân Dũng,Biển Sầu (298),R&B
34,ID_286,3,286,Bùi Minh Cường,Hoa Thương (814),Rap
34,ID_535,5,535,Đỗ Thị Mai,Tình Mơ (448),Bolero
34,ID_351,5,351,Dương Quang Tuấn,Phố Vui (471),Pop
34,ID_31,5,31,Đặng Văn Lan,Đường Quên (892),Indie
34,ID_589,5,589,Hồ Quang Nam,Nắng Nhớ (377),Lo-fi
34,ID_374,4,374,Đặng Hữu Phúc,Đường Thương (607),Lo-fi
34,ID_62,3,62,Hồ Thị Huy,Biển Đau (283),Rap
34,ID_1,5,1,Lý Tuấn Hạnh,Hoa Say (475),Dance
34,ID_412,4,412,Nguyễn Minh Linh,Nắng Nhớ (259),Bolero
34,ID_271,5,271,Hồ Thị Đông,Tình Nhớ (903),Ballad
34,ID_489,5,489,Lý Thị Phi,Giấc Mơ Lặng (146),Indie
34,ID_370,4,370,Lý Quang Quân,Mưa Thương (158),Rap
34,ID_334,5,334,Hoàng Bảo Phúc,Lời Yêu Quên (111),Pop
34,ID_361,3,361,Dương Văn Hương,Kỷ Niệm Say (604),Ballad
34,ID_519,3,519,Nguyễn Văn Phi,Mưa Nhớ (431),Indie
35,ID_320,5,320,Hoàng Xuân Dũng,Biển Sầu (298),R&B
35,ID_239,5,239,Đặng Hữu Phi,Biển Lạ (594),Bolero
35,ID_456,4,456,Vũ Minh Trang,Biển Thương (625),Bolero
35,ID_488,5,488,Đặng Anh Tâm,Trăng Rơi (429),Lo-fi
35,ID_164,3,164,Đỗ Khánh Linh,Biển Đau (442),Indie
35,ID_277,4,277,Nguyễn Quang Phi,Lời Yêu Nhớ (884),Pop
35,ID_394,3,394,Ngô Thị Phúc,Gió Nhớ (331),Bolero
35,ID_350,3,350,Đỗ Xuân Trang,Giấc Mơ Xa (562),Dance
35,ID_337,3,337,Trần Hữu Tuấn,Tình Buồn (676),Lo-fi
35,ID_349,3,349,Trần Ngọc Trang,Gió Buồn (606),Lo-fi
35,ID_303,3,303,Ngô Hữu Mai,Đường Vui (820),Bolero
35,ID_310,3,310,Phạm Xuân Tuấn,Phố Lạ (393),Ballad
35,ID_392,4,392,Hoàng Đức Tuấn,Nắng Rơi (813),Bolero
35,ID_272,5,272,Hồ Bảo Đông,Gió Quên (889),Indie
35,ID_188,4,188,Vũ Xuân Sơn,Giấc Mơ Lạ (784),Dance
35,ID_495,3,495,Ngô Tuấn Sơn,Lời Yêu Nhớ (787),Rap
35,ID_197,5,197,Đặng Bảo Mai,Tình Sầu (930),Indie
35,ID_242,3,242,Bùi Thị Quân,Đường Vui (107),Rock
35,ID_291,5,291,Ngô Ngọc Mai,Đường Nhớ (822),R&B
35,ID_361,4,361,Dương Văn Hương,Kỷ Niệm Say (604),Ballad
35,ID_142,4,142,Lý Anh Quân,Nắng Say (530),Indie
35,ID_99,3,99,Vũ Bảo Huy,Biển Buồn (971),Indie
35,ID_480,4,480,Trương Quang Quân,Giấc Mơ Nhớ (267),Ballad
35,ID_246,5,246,Đỗ Ngọc Đông,Tình Xa (845),Dance
35,ID_563,4,563,Lý Ngọc Hương,Biển Đau (583),Lo-fi
35,ID_404,3,404,Vũ Phương Hương,Lời Yêu Mơ (475),Pop
35,ID_462,4,462,Phạm Xuân Tuấn,Hoa Say (846),Indie
35,ID_500,4,500,Lê Bảo Tâm,Gió Vui (482),Dance
35,ID_510,4,510,Hồ Bảo Dũng,Lời Yêu Rơi (304),R&B
35,ID_207,3,207,Phạm Khánh Dũng,Biển Đau (468),Indie
35,ID_461,5,461,Dương Minh Dũng,Hoa Say (500),Rap
35,ID_390,5,390,Trần Văn Linh,Mưa Rơi (252),Jazz
35,ID_13,4,13,Lê Quang Tâm,Phố Đau (963),R&B
35,ID_406,5,406,Đỗ Hữu Hà,Đường Mơ (363),Lo-fi
35,ID_558,3,558,Phạm Bảo Phúc,Biển Vui (788),Jazz
35,ID_552,5,552,Lê Quang Lan,Kỷ Niệm Thương (876),Bolero
35,ID_581,4,581,Hồ Anh Tuấn,Giấc Mơ Quên (973),Dance
35,ID_183,5,183,Nguyễn Phương Huy,Trăng Lạ (531),Dance
35,ID_590,4,590,Đặng Minh Huy,Kỷ Niệm Rơi (820),Dance
35,ID_224,4,224,Trần Hữu Linh,Phố Xa (265),Pop
36,ID_332,3,332,Nguyễn Minh Mai,Đường Đau (214),Pop
36,ID_181,5,181,Trương Ngọc Tuấn,Kỷ Niệm Buồn (453),R&B
36,ID_127,3,127,Hoàng Quang Tâm,Kỷ Niệm Rơi (115),Ballad
36,ID_67,4,67,Lý Đức Huy,Đường Đau (814),R&B
36,ID_283,3,283,Đặng Ngọc Linh,Trăng Đau (743),Ballad
36,ID_153,4,153,Bùi Bảo Tuấn,Giấc Mơ Vui (655),Ballad
36,ID_264,3,264,Vũ Tuấn Phi,Hoa Lạ (193),Indie
36,ID_262,5,262,Đặng Minh Quân,Đường Say (999),Lo-fi
36,ID_286,5,286,Bùi Minh Cường,Hoa Thương (814),Rap
36,ID_230,4,230,Vũ Thị Hà,Phố Lặng (381),Pop
36,ID_145,3,145,Trương Khánh Hạnh,Mây Nhớ (697),Rap
36,ID_16,4,16,Nguyễn Phương Mai,Tình Mơ (740),Jazz
36,ID_539,4,539,Phạm Ngọc Phi,Trăng Sầu (123),Indie
36,ID_101,4,101,Ngô Thị Tuấn,Nắng Thương (405),Rap
36,ID_329,5,329,Ngô Xuân Lan,Gió Thương (524),Indie
36,ID_363,5,363,Bùi Anh Mai,Nắng Quên (562),Bolero
36,ID_397,3,397,Lý Phương Tuấn,Trăng Mơ (623),Lo-fi
36,ID_368,5,368,Nguyễn Đức Hương,Giấc Mơ Lạ (604),Indie
36,ID_534,4,534,Lý Anh Phúc,Biển Lặng (722),Rock
36,ID_411,4,411,Lý Ngọc Phúc,Phố Lạ (305),R&B
36,ID_131,4,131,Phạm Ngọc Hạnh,Mây Lặng (107),Ballad
36,ID_354,4,354,Bùi Đức Mai,Giấc Mơ Quên (885),Indie
36,ID_285,4,285,Lý Khánh Trang,Trăng Quên (409),Rap
36,ID_436,4,436,Nguyễn Phương Hương,Phố Vui (372),Rap
36,ID_313,3,313,Đặng Tuấn Sơn,Trăng Buồn (386),Jazz
36,ID_34,3,34,Phạm Bảo Hương,Kỷ Niệm Sầu (925),Indie
36,ID_41,3,41,Phan Quang Cường,Phố Sầu (404),Pop
36,ID_24,4,24,Nguyễn Minh Hạnh,Mây Buồn (497),Indie
36,ID_548,3,548,Ngô Quang Linh,Đường Say (623),R&B
36,ID_374,4,374,Đặng Hữu Phúc,Đường Thương (607),Lo-fi
36,ID_218,3,218,Lý Bảo Đông,Giấc Mơ Sầu (745),Rap
36,ID_566,4,566,Lê Tuấn Hà,Kỷ Niệm Đau (244),Dance
36,ID_551,4,551,Lê Văn Trang,Giấc Mơ Say (280),Pop
36,ID_571,4,571,Vũ Xuân Quân,Lời Yêu Buồn (357),Pop
36,ID_413,5,413,Trần Văn Sơn,Mây Lạ (845),Lo-fi
36,ID_541,3,541,Đặng Văn Linh,Mây Nhớ (406),Lo-fi
36,ID_387,5,387,Lý Xuân Dũng,Lời Yêu Buồn (956),Rock
36,ID_513,4,513,Phan Thị Dũng,Mây Lạ (570),Pop
36,ID_390,4,390,Trần Văn Linh,Mưa Rơi (252),Jazz
36,ID_5,5,5,Dương Minh Mai,Hoa Đau (131),Jazz
37,ID_209,3,209,Hồ Bảo Phúc,Lời Yêu Buồn (509),Rock
37,ID_217,3,217,Phạm Thị Huy,Mưa Buồn (736),Dance
37,ID_335,5,335,Phạm Tuấn Dũng,Kỷ Niệm Mơ (402),Dance
37,ID_89,5,89,Hoàng Văn Sơn,Giấc Mơ Rơi (778),Jazz
37,ID_295,5,295,Phạm Anh Tuấn,Mây Sầu (399),Bolero
37,ID_371,3,371,Hoàng Xuân Hà,Hoa Thương (427),Rap
37,ID_452,4,452,Bùi Khánh Linh,Phố Rơi (139),Rock
37,ID_139,3,139,Ngô Anh Cường,Nắng Xa (944),Bolero
37,ID_21,3,21,Đỗ Tuấn Cường,Mây Xa (726),Bolero
37,ID_64,3,64,Bùi Hữu Quân,Đường Xa (539),Jazz
37,ID_87,3,87,Phan Hữu Hạnh,Trăng Thương (778),Jazz
37,ID_29,5,29,Nguyễn Xuân Sơn,Gió Quên (125),Bolero
37,ID_539,5,539,Phạm Ngọc Phi,Trăng Sầu (123),Indie
37,ID_480,4,480,Trương Quang Quân,Giấc Mơ Nhớ (267),Ballad
37,ID_412,4,412,Nguyễn Minh Linh,Nắng Nhớ (259),Bolero
37,ID_470,4,470,Ngô Thị Huy,Tình Nhớ (794),Ballad
37,ID_70,4,70,Đặng Tuấn Sơn,Biển Rơi (400),R&B
37,ID_183,5,183,Nguyễn Phương Huy,Trăng Lạ (531),Dance
37,ID_115,4,115,Dương Văn Linh,Đường Lặng (663),Pop
37,ID_429,3,429,Lê Minh Dũng,Phố Vui (397),Rock
37,ID_32,3,32,Phan Văn Trang,Tình Lặng (379),R&B
37,ID_302,3,302,Dương Anh Phúc,Gió Thương (224),Rap
37,ID_129,3,129,Nguyễn Ngọc Tuấn,Mây Lạ (232),R&B
37,ID_223,5,223,Hồ Khánh Dũng,Mây Buồn (830),Indie
37,ID_52,5,52,Trương Minh Mai,Giấc Mơ Buồn (717),Pop
37,ID_45,3,45,Bùi Đức Tuấn,Biển Lạ (896),Indie
37,ID_229,4,229,Hồ Đức Tâm,Biển Quên (730),Rap
37,ID_68,3,68,Lý Quang Trang,Nắng Vui (139),R&B
37,ID_149,3,149,Đỗ Thị Mai,Trăng Đau (344),Pop
37,ID_548,5,548,Ngô Quang Linh,Đường Say (623),R&B
37,ID_415,3,415,Hồ Đức Tuấn,Giấc Mơ Vui (469),Lo-fi
37,ID_496,5,496,Trần Tuấn Nam,Giấc Mơ Xa (338),Indie
37,ID_448,5,448,Trần Phương Hà,Tình Xa (645),Dance
37,ID_177,4,177,Lý Anh Huy,Trăng Lặng (639),Rap
37,ID_516,4,516,Lý Tuấn Hạnh,Kỷ Niệm Thương (309),Bolero
37,ID_182,5,182,Trần Bảo Lan,Nắng Đau (913),Pop
37,ID_461,3,461,Dương Minh Dũng,Hoa Say (500),Rap
37,ID_570,3,570,Phan Đức Hạnh,Mây Thương (416),Dance
37,ID_308,5,308,Vũ Tuấn Huy,Trăng Say (270),Bolero
37,ID_361,5,361,Dương Văn Hương,Kỷ Niệm Say (604),Ballad
38,ID_238,3,238,Dương Ngọc Đông,Biển Xa (843),Lo-fi
38,ID_255,3,255,Phan Phương Tâm,Mưa Thương (368),Pop
38,ID_483,3,483,Phạm Anh Dũng,Nắng Quên (184),R&B
38,ID_439,5,439,Dương Phương Nam,Trăng Xa (748),Indie
38,ID_418,3,418,Lý Phương Đông,Gió Mơ (226),Rap
38,ID_586,4,586,Lý Văn Trang,Trăng Mơ (719),Bolero
38,ID_136,3,136,Phạm Anh Sơn,Kỷ Niệm Rơi (668),Ballad
38,ID_234,4,234,Lý Thị Dũng,Mưa Vui (864),Lo-fi
38,ID_491,4,491,Vũ Minh Phi,Kỷ Niệm Lặng (563),Ballad
38,ID_24,3,24,Nguyễn Minh Hạnh,Mây Buồn (497),Indie
38,ID_378,4,378,Hoàng Xuân Quân,Gió Sầu (288),Bolero
38,ID_593,5,593,Nguyễn Ngọc Dũng,Giấc Mơ Buồn (765),Dance
38,ID_66,3,66,Hoàng Anh Phi,Đường Say (250),Indie
38,ID_433,3,433,Trần Đức Lan,Đường Rơi (555),Pop
38,ID_430,4,430,Trần Phương Hà,Lời Yêu Lạ (517),Dance
38,ID_247,4,247,Đỗ Bảo Hạnh,Lời Yêu Mơ (671),Pop
38,ID_423,3,423,Phan Minh Đông,Lời Yêu Lặng (151),R&B
38,ID_420,5,420,Đỗ Hữu Hà,Giấc Mơ Đau (742),Jazz
38,ID_98,3,98,Đặng Ngọc Sơn,Lời Yêu Say (803),Indie
38,ID_460,4,460,Ngô Đức Phúc,Lời Yêu Rơi (187),Pop
38,ID_548,3,548,Ngô Quang Linh,Đường Say (623),R&B
38,ID_241,4,241,Đặng Thị Mai,Đường Thương (909),Ballad
38,ID_192,5,192,Vũ Anh Trang,Trăng Sầu (748),Rock
38,ID_193,4,193,Ngô Hữu Đông,Tình Quên (358),Jazz
38,ID_197,3,197,Đặng Bảo Mai,Tình Sầu (930),Indie
38,ID_223,5,223,Hồ Khánh Dũng,Mây Buồn (830),Indie
38,ID_191,4,191,Trương Ngọc Hà,Tình Đau (224),Ballad
38,ID_568,5,568,Nguyễn Đức Tâm,Giấc Mơ Mơ (464),Jazz
38,ID_514,4,514,Vũ Xuân Dũng,Lời Yêu Buồn (165),Lo-fi
38,ID_301,3,301,Nguyễn Văn Lan,Mưa Xa (562),Dance
38,ID_116,5,116,Đặng Anh Quân,Gió Say (901),Jazz
38,ID_541,4,541,Đặng Văn Linh,Mây Nhớ (406),Lo-fi
38,ID_417,5,417,Nguyễn Văn Cường,Hoa Lạ (892),Lo-fi
38,ID_314,4,314,Lý Anh Sơn,Tình Xa (782),R&B
38,ID_512,4,512,Hoàng Hữu Nam,Mây Say (448),Pop
38,ID_2,3,2,Lý Phương Cường,Đường Mơ (177),Indie
38,ID_43,4,43,Bùi Ngọc Linh,Hoa Lạ (652),Rap
38,ID_371,4,371,Hoàng Xuân Hà,Hoa Thương (427),Rap
38,ID_424,5,424,Hồ Hữu Trang,Tình Nhớ (897),Rock
38,ID_533,4,533,Bùi Văn Mai,Kỷ Niệm Thương (408),Indie
39,ID_100,4,100,Hồ Bảo Tâm,Tình Xa (188),Ballad
39,ID_142,3,142,Lý Anh Quân,Nắng Say (530),Indie
39,ID_592,3,592,Lê Đức Mai,Gió Rơi (697),Lo-fi
39,ID_13,4,13,Lê Quang Tâm,Phố Đau (963),R&B
39,ID_581,3,581,Hồ Anh Tuấn,Giấc Mơ Quên (973),Dance
39,ID_495,3,495,Ngô Tuấn Sơn,Lời Yêu Nhớ (787),Rap
39,ID_84,4,84,Phạm Minh Linh,Trăng Đau (712),R&B
39,ID_280,5,280,Phan Đức Linh,Lời Yêu Lặng (243),Dance
39,ID_547,3,547,Dương Khánh Nam,Biển Rơi (649),Indie
39,ID_322,3,322,Ngô Hữu Dũng,Nắng Đau (654),Pop
39,ID_529,3,529,Dương Khánh Dũng,Mưa Quên (514),Ballad
39,ID_334,5,334,Hoàng Bảo Phúc,Lời Yêu Quên (111),Pop
39,ID_127,4,127,Hoàng Quang Tâm,Kỷ Niệm Rơi (115),Ballad
39,ID_507,4,507,Phan Văn Đông,Gió Quên (455),R&B
39,ID_464,3,464,Lý Quang Tâm,Lời Yêu Rơi (380),Jazz
39,ID_232,5,232,Vũ Phương Hà,Đường Rơi (789),Dance
39,ID_293,4,293,Phan Hữu Phi,Phố Quên (846),Indie
39,ID_403,5,403,Hoàng Xuân Trang,Đường Say (201),Pop
39,ID_447,4,447,Lê Bảo Huy,Trăng Mơ (723),R&B
39,ID_385,3,385,Hồ Phương Trang,Mưa Mơ (150),Lo-fi
39,ID_295,4,295,Phạm Anh Tuấn,Mây Sầu (399),Bolero
39,ID_218,4,218,Lý Bảo Đông,Giấc Mơ Sầu (745),Rap
39,ID_426,4,426,Bùi Ngọc Lan,Tình Sầu (533),R&B
39,ID_1,3,1,Lý Tuấn Hạnh,Hoa Say (475),Dance
39,ID_559,5,559,Lê Xuân Cường,Biển Thương (374),Indie
39,ID_262,4,262,Đặng Minh Quân,Đường Say (999),Lo-fi
39,ID_233,4,233,Lê Văn Trang,Phố Sầu (800),R&B
39,ID_49,5,49,Hồ Hữu Hà,Lời Yêu Đau (721),Rap
39,ID_505,4,505,Trương Tuấn Lan,Trăng Say (394),R&B
39,ID_386,5,386,Hồ Quang Đông,Lời Yêu Quên (195),Dance
39,ID_585,5,585,Ngô Phương Phi,Tình Thương (717),Indie
39,ID_251,3,251,Dương Quang Hà,Giấc Mơ Xa (316),Rock
39,ID_429,5,429,Lê Minh Dũng,Phố Vui (397),Rock
39,ID_368,4,368,Nguyễn Đức Hương,Giấc Mơ Lạ (604),Indie
39,ID_224,5,224,Trần Hữu Linh,Phố Xa (265),Pop
39,ID_558,4,558,Phạm Bảo Phúc,Biển Vui (788),Jazz
39,ID_525,5,525,Phạm Anh Huy,Phố Đau (873),Rap
39,ID_107,3,107,Trương Minh Dũng,Đường Nhớ (796),Lo-fi
39,ID_378,5,378,Hoàng Xuân Quân,Gió Sầu (288),Bolero
39,ID_434,4,434,Phan Minh Tâm,Mưa Mơ (437),Ballad
40,ID_400,5,400,Hồ Minh Trang,Trăng Vui (353),R&B
40,ID_550,4,550,Đỗ Anh Quân,Phố Buồn (350),Bolero
40,ID_73,3,73,Trần Hữu Cường,Lời Yêu Say (118),R&B
40,ID_301,5,301,Nguyễn Văn Lan,Mưa Xa (562),Dance
40,ID_219,5,219,Dương Minh Trang,Phố Rơi (444),Ballad
40,ID_144,3,144,Hoàng Phương Lan,Gió Rơi (247),Dance
40,ID_328,4,328,Bùi Tuấn Hạnh,Hoa Buồn (697),Rock
40,ID_126,5,126,Hoàng Phương Dũng,Kỷ Niệm Xa (942),Jazz
40,ID_519,4,519,Nguyễn Văn Phi,Mưa Nhớ (431),Indie
40,ID_324,5,324,Lê Minh Tâm,Phố Xa (858),Lo-fi
40,ID_473,4,473,Dương Quang Hương,Biển Say (591),Jazz
40,ID_566,5,566,Lê Tuấn Hà,Kỷ Niệm Đau (244),Dance
40,ID_109,3,109,Trần Hữu Phi,Biển Say (558),R&B
40,ID_250,3,250,Đỗ Đức Hạnh,Gió Lặng (254),Ballad
40,ID_322,4,322,Ngô Hữu Dũng,Nắng Đau (654),Pop
40,ID_380,3,380,Vũ Minh Tuấn,Trăng Quên (146),Pop
40,ID_460,3,460,Ngô Đức Phúc,Lời Yêu Rơi (187),Pop
40,ID_386,5,386,Hồ Quang Đông,Lời Yêu Quên (195),Dance
40,ID_84,5,84,Phạm Minh Linh,Trăng Đau (712),R&B
40,ID_437,5,437,Bùi Anh Phi,Kỷ Niệm Vui (845),Rap
40,ID_442,5,442,Phan Khánh Hương,Biển Vui (782),Dance
40,ID_521,3,521,Trương Khánh Hạnh,Mây Lạ (692),Jazz
40,ID_299,5,299,Phạm Xuân Quân,Biển Rơi (489),Lo-fi
40,ID_403,3,403,Hoàng Xuân Trang,Đường Say (201),Pop
40,ID_94,3,94,Bùi Đức Trang,Lời Yêu Mơ (887),R&B
40,ID_83,4,83,Bùi Anh Hương,Hoa Buồn (611),Jazz
40,ID_390,5,390,Trần Văn Linh,Mưa Rơi (252),Jazz
40,ID_540,5,540,Trần Khánh Phi,Kỷ Niệm Lặng (653),Indie
40,ID_495,5,495,Ngô Tuấn Sơn,Lời Yêu Nhớ (787),Rap
40,ID_384,4,384,Lý Tuấn Huy,Nắng Xa (282),Bolero
40,ID_337,4,337,Trần Hữu Tuấn,Tình Buồn (676),Lo-fi
40,ID_6,4,6,Trương Ngọc Trang,Lời Yêu Thương (186),Rock
40,ID_496,3,496,Trần Tuấn Nam,Giấc Mơ Xa (338),Indie
40,ID_167,3,167,Bùi Bảo Hà,Phố Đau (237),Bolero
40,ID_312,3,312,Trương Đức Trang,Biển Quên (593),R&B
40,ID_426,4,426,Bùi Ngọc Lan,Tình Sầu (533),R&B
40,ID_579,4,579,Đỗ Tuấn Phúc,Lời Yêu Mơ (908),Ballad
40,ID_538,5,538,Nguyễn Tuấn Trang,Đường Say (841),Indie
40,ID_149,4,149,Đỗ Thị Mai,Trăng Đau (344),Pop
40,ID_247,5,247,Đỗ Bảo Hạnh,Lời Yêu Mơ (671),Pop
41,ID_292,4,292,Phan Đức Dũng,Hoa Lặng (231),Dance
41,ID_183,5,183,Nguyễn Phương Huy,Trăng Lạ (531),Dance
41,ID_359,5,359,Trần Xuân Linh,Nắng Rơi (878),Bolero
41,ID_32,4,32,Phan Văn Trang,Tình Lặng (379),R&B
41,ID_17,4,17,Phạm Hữu Cường,Kỷ Niệm Lạ (819),Ballad
41,ID_329,5,329,Ngô Xuân Lan,Gió Thương (524),Indie
41,ID_397,4,397,Lý Phương Tuấn,Trăng Mơ (623),Lo-fi
41,ID_468,3,468,Lý Thị Phi,Tình Lạ (282),Ballad
41,ID_321,3,321,Dương Phương Cường,Mây Lạ (602),Rap
41,ID_234,3,234,Lý Thị Dũng,Mưa Vui (864),Lo-fi
41,ID_313,5,313,Đặng Tuấn Sơn,Trăng Buồn (386),Jazz
41,ID_171,5,171,Hoàng Khánh Sơn,Trăng Buồn (772),Ballad
41,ID_106,4,106,Đỗ Khánh Dũng,Đường Buồn (538),R&B
41,ID_297,4,297,Trần Tuấn Đông,Trăng Lặng (707),Jazz
41,ID_545,5,545,Ngô Tuấn Tuấn,Biển Vui (184),Lo-fi
41,ID_207,3,207,Phạm Khánh Dũng,Biển Đau (468),Indie
41,ID_327,3,327,Lý Thị Lan,Trăng Nhớ (150),R&B
41,ID_294,4,294,Dương Xuân Trang,Tình Quên (736),Rap
41,ID_199,4,199,Đỗ Văn Phi,Kỷ Niệm Đau (166),Jazz
41,ID_18,5,18,Trần Bảo Hà,Gió Đau (809),Ballad
41,ID_9,3,9,Phạm Anh Phúc,Gió Đau (622),Jazz
41,ID_37,4,37,Lê Phương Quân,Mưa Lạ (181),Dance
41,ID_524,5,524,Trần Văn Linh,Phố Đau (240),Bolero
41,ID_151,3,151,Nguyễn Minh Hà,Hoa Buồn (191),Rap
41,ID_34,4,34,Phạm Bảo Hương,Kỷ Niệm Sầu (925),Indie
41,ID_61,3,61,Ngô Hữu Mai,Trăng Lạ (903),Dance
41,ID_147,3,147,Trần Hữu Huy,Biển Lạ (680),Dance
41,ID_446,4,446,Đặng Minh Dũng,Tình Rơi (457),Bolero
41,ID_168,5,168,Dương Văn Hương,Mây Xa (185),Dance
41,ID_347,4,347,Ngô Xuân Linh,Nắng Lạ (782),R&B
41,ID_443,3,443,Hoàng Thị Dũng,Kỷ Niệm Rơi (551),Rock
41,ID_338,5,338,Bùi Phương Phi,Phố Sầu (329),R&B
41,ID_88,5,88,Lý Văn Dũng,Tình Sầu (460),Ballad
41,ID_6,3,6,Trương Ngọc Trang,Lời Yêu Thương (186),Rock
41,ID_164,5,164,Đỗ Khánh Linh,Biển Đau (442),Indie
41,ID_488,4,488,Đặng Anh Tâm,Trăng Rơi (429),Lo-fi
41,ID_410,4,410,Nguyễn Quang Nam,Lời Yêu Sầu (749),Jazz
41,ID_538,4,538,Nguyễn Tuấn Trang,Đường Say (841),Indie
41,ID_213,3,213,Đặng Bảo Quân,Mưa Vui (562),Ballad
41,ID_401,4,401,Dương Tuấn Trang,Lời Yêu Thương (194),Bolero
42,ID_565,4,565,Hồ Văn Hương,Phố Thương (457),Indie
42,ID_483,3,483,Phạm Anh Dũng,Nắng Quên (184),R&B
42,ID_35,5,35,Trần Văn Huy,Lời Yêu Quên (202),Dance
42,ID_491,3,491,Vũ Minh Phi,Kỷ Niệm Lặng (563),Ballad
42,ID_259,4,259,Trương Hữu Cường,Tình Vui (147),R&B
42,ID_577,4,577,Ngô Thị Tuấn,Phố Thương (617),Dance
42,ID_478,5,478,Dương Hữu Hà,Mây Lặng (798),Dance
42,ID_415,3,415,Hồ Đức Tuấn,Giấc Mơ Vui (469),Lo-fi
42,ID_592,5,592,Lê Đức Mai,Gió Rơi (697),Lo-fi
42,ID_262,4,262,Đặng Minh Quân,Đường Say (999),Lo-fi
42,ID_593,3,593,Nguyễn Ngọc Dũng,Giấc Mơ Buồn (765),Dance
42,ID_579,5,579,Đỗ Tuấn Phúc,Lời Yêu Mơ (908),Ballad
42,ID_87,4,87,Phan Hữu Hạnh,Trăng Thương (778),Jazz
42,ID_145,4,145,Trương Khánh Hạnh,Mây Nhớ (697),Rap
42,ID_184,3,184,Đặng Anh Phi,Kỷ Niệm Lạ (249),Dance
42,ID_553,5,553,Trương Quang Hương,Mưa Lặng (241),R&B
42,ID_170,5,170,Bùi Khánh Linh,Trăng Lạ (623),Lo-fi
42,ID_519,5,519,Nguyễn Văn Phi,Mưa Nhớ (431),Indie
42,ID_37,4,37,Lê Phương Quân,Mưa Lạ (181),Dance
42,ID_369,3,369,Đỗ Văn Hương,Đường Nhớ (825),Ballad
42,ID_195,3,195,Lê Khánh Đông,Lời Yêu Nhớ (537),Rap
42,ID_509,3,509,Đặng Minh Tuấn,Kỷ Niệm Rơi (490),Bolero
42,ID_175,5,175,Ngô Xuân Phi,Tình Rơi (435),R&B
42,ID_94,3,94,Bùi Đức Trang,Lời Yêu Mơ (887),R&B
42,ID_394,3,394,Ngô Thị Phúc,Gió Nhớ (331),Bolero
42,ID_99,4,99,Vũ Bảo Huy,Biển Buồn (971),Indie
42,ID_463,4,463,Bùi Tuấn Sơn,Nắng Say (342),Rap
42,ID_528,4,528,Trần Ngọc Nam,Đường Quên (388),Bolero
42,ID_206,3,206,Phạm Hữu Sơn,Mây Rơi (266),Pop
42,ID_364,4,364,Lê Ngọc Hương,Mưa Rơi (414),R&B
42,ID_33,4,33,Phạm Minh Quân,Phố Lặng (864),Bolero
42,ID_580,5,580,Lý Khánh Phúc,Đường Quên (452),Jazz
42,ID_490,4,490,Phan Tuấn Trang,Mưa Xa (242),Ballad
42,ID_50,4,50,Nguyễn Tuấn Nam,Trăng Xa (512),Pop
42,ID_486,4,486,Dương Xuân Hương,Kỷ Niệm Nhớ (186),Jazz
42,ID_347,4,347,Ngô Xuân Linh,Nắng Lạ (782),R&B
42,ID_92,3,92,Phan Anh Tuấn,Trăng Say (747),Indie
42,ID_258,4,258,Đỗ Minh Trang,Biển Nhớ (144),R&B
42,ID_589,5,589,Hồ Quang Nam,Nắng Nhớ (377),Lo-fi
42,ID_542,3,542,Hồ Minh Tâm,Mây Vui (727),Indie
43,ID_346,3,346,Bùi Thị Trang,Giấc Mơ Lạ (176),R&B
43,ID_157,3,157,Trương Anh Tâm,Tình Lặng (867),Jazz
43,ID_548,5,548,Ngô Quang Linh,Đường Say (623),R&B
43,ID_184,5,184,Đặng Anh Phi,Kỷ Niệm Lạ (249),Dance
43,ID_488,3,488,Đặng Anh Tâm,Trăng Rơi (429),Lo-fi
43,ID_181,4,181,Trương Ngọc Tuấn,Kỷ Niệm Buồn (453),R&B
43,ID_19,3,19,Phạm Xuân Sơn,Biển Say (651),Pop
43,ID_526,5,526,Trương Quang Hương,Đường Thương (754),Dance
43,ID_21,4,21,Đỗ Tuấn Cường,Mây Xa (726),Bolero
43,ID_270,5,270,Nguyễn Ngọc Quân,Nắng Thương (728),Pop
43,ID_394,4,394,Ngô Thị Phúc,Gió Nhớ (331),Bolero
43,ID_114,5,114,Hoàng Anh Mai,Hoa Sầu (837),Indie
43,ID_68,4,68,Lý Quang Trang,Nắng Vui (139),R&B
43,ID_498,3,498,Dương Ngọc Nam,Hoa Thương (596),Lo-fi
43,ID_164,5,164,Đỗ Khánh Linh,Biển Đau (442),Indie
43,ID_258,3,258,Đỗ Minh Trang,Biển Nhớ (144),R&B
43,ID_314,4,314,Lý Anh Sơn,Tình Xa (782),R&B
43,ID_412,4,412,Nguyễn Minh Linh,Nắng Nhớ (259),Bolero
43,ID_359,3,359,Trần Xuân Linh,Nắng Rơi (878),Bolero
43,ID_311,5,311,Dương Thị Cường,Lời Yêu Say (751),Indie
43,ID_534,5,534,Lý Anh Phúc,Biển Lặng (722),Rock
43,ID_455,4,455,Hoàng Tuấn Dũng,Phố Say (247),Pop
43,ID_53,4,53,Đặng Phương Quân,Biển Xa (294),Bolero
43,ID_298,3,298,Phan Quang Mai,Gió Rơi (465),Lo-fi
43,ID_483,5,483,Phạm Anh Dũng,Nắng Quên (184),R&B
43,ID_107,5,107,Trương Minh Dũng,Đường Nhớ (796),Lo-fi
43,ID_348,4,348,Trương Minh Cường,Hoa Quên (586),Rock
43,ID_468,5,468,Lý Thị Phi,Tình Lạ (282),Ballad
43,ID_88,3,88,Lý Văn Dũng,Tình Sầu (460),Ballad
43,ID_428,4,428,Hoàng Văn Sơn,Biển Say (216),Dance
43,ID_457,5,457,Lê Bảo Đông,Tình Đau (755),Bolero
43,ID_264,3,264,Vũ Tuấn Phi,Hoa Lạ (193),Indie
43,ID_139,5,139,Ngô Anh Cường,Nắng Xa (944),Bolero
43,ID_470,5,470,Ngô Thị Huy,Tình Nhớ (794),Ballad
43,ID_355,3,355,Nguyễn Ngọc Quân,Mây Say (940),Pop
43,ID_507,4,507,Phan Văn Đông,Gió Quên (455),R&B
43,ID_294,4,294,Dương Xuân Trang,Tình Quên (736),Rap
43,ID_406,3,406,Đỗ Hữu Hà,Đường Mơ (363),Lo-fi
43,ID_571,5,571,Vũ Xuân Quân,Lời Yêu Buồn (357),Pop
43,ID_48,3,48,Bùi Quang Quân,Lời Yêu Sầu (803),Lo-fi
44,ID_50,4,50,Nguyễn Tuấn Nam,Trăng Xa (512),Pop
44,ID_177,4,177,Lý Anh Huy,Trăng Lặng (639),Rap
44,ID_438,5,438,Trương Hữu Tuấn,Tình Thương (627),Lo-fi
44,ID_254,5,254,Đỗ Quang Đông,Đường Đau (889),Bolero
44,ID_356,3,356,Vũ Văn Linh,Phố Nhớ (753),Bolero
44,ID_367,4,367,Ngô Bảo Mai,Lời Yêu Mơ (926),Indie
44,ID_286,4,286,Bùi Minh Cường,Hoa Thương (814),Rap
44,ID_407,5,407,Vũ Ngọc Tâm,Tình Đau (348),Indie
44,ID_304,3,304,Dương Xuân Phúc,Đường Xa (125),Bolero
44,ID_227,5,227,Vũ Anh Huy,Phố Say (192),Lo-fi
44,ID_288,4,288,Trần Minh Dũng,Hoa Nhớ (705),Dance
44,ID_160,3,160,Lê Tuấn Sơn,Đường Rơi (900),Rock
44,ID_64,5,64,Bùi Hữu Quân,Đường Xa (539),Jazz
44,ID_183,5,183,Nguyễn Phương Huy,Trăng Lạ (531),Dance
44,ID_234,4,234,Lý Thị Dũng,Mưa Vui (864),Lo-fi
44,ID_599,5,599,Lý Bảo Hạnh,Mây Đau (513),Ballad
44,ID_16,5,16,Nguyễn Phương Mai,Tình Mơ (740),Jazz
44,ID_209,3,209,Hồ Bảo Phúc,Lời Yêu Buồn (509),Rock
44,ID_519,3,519,Nguyễn Văn Phi,Mưa Nhớ (431),Indie
44,ID_449,3,449,Nguyễn Anh Trang,Phố Quên (991),Pop
44,ID_56,3,56,Đặng Xuân Sơn,Đường Quên (510),Rock
44,ID_586,3,586,Lý Văn Trang,Trăng Mơ (719),Bolero
44,ID_523,3,523,Phan Đức Tuấn,Lời Yêu Lạ (979),R&B
44,ID_192,5,192,Vũ Anh Trang,Trăng Sầu (748),Rock
44,ID_75,5,75,Nguyễn Quang Nam,Mây Rơi (820),Jazz
44,ID_528,3,528,Trần Ngọc Nam,Đường Quên (388),Bolero
44,ID_12,4,12,Lê Ngọc Dũng,Gió Xa (928),Rap
44,ID_68,5,68,Lý Quang Trang,Nắng Vui (139),R&B
44,ID_47,3,47,Dương Tuấn Tâm,Phố Thương (528),Ballad
44,ID_453,5,453,Lê Khánh Cường,Phố Thương (389),Bolero
44,ID_251,3,251,Dương Quang Hà,Giấc Mơ Xa (316),Rock
44,ID_11,4,11,Phan Văn Linh,Mây Đau (675),Lo-fi
44,ID_335,4,335,Phạm Tuấn Dũng,Kỷ Niệm Mơ (402),Dance
44,ID_594,5,594,Phạm Ngọc Quân,Trăng Nhớ (129),Rap
44,ID_416,3,416,Bùi Quang Tâm,Đường Mơ (393),Bolero
44,ID_270,4,270,Nguyễn Ngọc Quân,Nắng Thương (728),Pop
44,ID_502,5,502,Lê Khánh Phúc,Đường Đau (839),Rap
44,ID_221,5,221,Nguyễn Quang Mai,Hoa Nhớ (311),Ballad
44,ID_350,3,350,Đỗ Xuân Trang,Giấc Mơ Xa (562),Dance
44,ID_58,5,58,Lê Xuân Hà,Phố Đau (550),Pop
45,ID_409,5,409,Lý Tuấn Đông,Mây Đau (627),Dance
45,ID_480,4,480,Trương Quang Quân,Giấc Mơ Nhớ (267),Ballad
45,ID_579,5,579,Đỗ Tuấn Phúc,Lời Yêu Mơ (908),Ballad
45,ID_354,3,354,Bùi Đức Mai,Giấc Mơ Quên (885),Indie
45,ID_298,5,298,Phan Quang Mai,Gió Rơi (465),Lo-fi
45,ID_232,4,232,Vũ Phương Hà,Đường Rơi (789),Dance
45,ID_40,3,40,Lý Minh Lan,Mây Đau (524),Pop
45,ID_535,5,535,Đỗ Thị Mai,Tình Mơ (448),Bolero
45,ID_530,3,530,Trần Bảo Dũng,Phố Lặng (820),Lo-fi
45,ID_538,3,538,Nguyễn Tuấn Trang,Đường Say (841),Indie
45,ID_129,4,129,Nguyễn Ngọc Tuấn,Mây Lạ (232),R&B
45,ID_72,3,72,Trương Tuấn Sơn,Gió Rơi (843),Jazz
45,ID_375,4,375,Lê Tuấn Hạnh,Đường Mơ (766),Jazz
45,ID_543,5,543,Phạm Hữu Quân,Lời Yêu Lạ (339),Rock
45,ID_359,5,359,Trần Xuân Linh,Nắng Rơi (878),Bolero
45,ID_562,5,562,Đỗ Thị Cường,Hoa Xa (966),Lo-fi
45,ID_39,4,39,Trần Đức Mai,Mưa Say (265),Bolero
45,ID_560,5,560,Hồ Tuấn Huy,Đường Sầu (227),Jazz
45,ID_122,5,122,Đặng Anh Sơn,Phố Sầu (609),Jazz
45,ID_522,4,522,Trần Tuấn Huy,Phố Mơ (395),Lo-fi
45,ID_267,4,267,Ngô Văn Hạnh,Phố Say (702),Jazz
45,ID_340,5,340,Vũ Thị Hạnh,Mây Vui (177),Rock
45,ID_206,3,206,Phạm Hữu Sơn,Mây Rơi (266),Pop
45,ID_337,4,337,Trần Hữu Tuấn,Tình Buồn (676),Lo-fi
45,ID_265,3,265,Vũ Anh Cường,Hoa Mơ (272),Rap
45,ID_255,5,255,Phan Phương Tâm,Mưa Thương (368),Pop
45,ID_239,4,239,Đặng Hữu Phi,Biển Lạ (594),Bolero
45,ID_263,5,263,Lê Quang Cường,Tình Buồn (573),R&B
45,ID_346,3,346,Bùi Thị Trang,Giấc Mơ Lạ (176),R&B
45,ID_413,3,413,Trần Văn Sơn,Mây Lạ (845),Lo-fi
45,ID_164,5,164,Đỗ Khánh Linh,Biển Đau (442),Indie
45,ID_68,5,68,Lý Quang Trang,Nắng Vui (139),R&B
45,ID_387,4,387,Lý Xuân Dũng,Lời Yêu Buồn (956),Rock
45,ID_552,4,552,Lê Quang Lan,Kỷ Niệm Thương (876),Bolero
45,ID_472,4,472,Nguyễn Văn Đông,Lời Yêu Sầu (461),Dance
45,ID_208,3,208,Nguyễn Quang Mai,Gió Thương (846),Rock
45,ID_152,4,152,Đỗ Thị Hà,Biển Lặng (547),R&B
45,ID_275,4,275,Đặng Anh Phúc,Trăng Rơi (458),Ballad
45,ID_432,3,432,Dương Quang Hạnh,Biển Sầu (691),R&B
45,ID_287,4,287,Đặng Khánh Tuấn,Hoa Mơ (955),Indie
46,ID_373,3,373,Hồ Phương Hương,Giấc Mơ Rơi (877),Jazz
46,ID_481,3,481,Nguyễn Tuấn Phúc,Đường Xa (971),Indie
46,ID_5,3,5,Dương Minh Mai,Hoa Đau (131),Jazz
46,ID_150,5,150,Phan Thị Phúc,Kỷ Niệm Thương (822),Lo-fi
46,ID_396,5,396,Bùi Hữu Phi,Kỷ Niệm Sầu (550),Dance
46,ID_488,5,488,Đặng Anh Tâm,Trăng Rơi (429),Lo-fi
46,ID_106,5,106,Đỗ Khánh Dũng,Đường Buồn (538),R&B
46,ID_177,4,177,Lý Anh Huy,Trăng Lặng (639),Rap
46,ID_7,4,7,Lý Anh Hương,Tình Sầu (162),Ballad
46,ID_384,3,384,Lý Tuấn Huy,Nắng Xa (282),Bolero
46,ID_579,3,579,Đỗ Tuấn Phúc,Lời Yêu Mơ (908),Ballad
46,ID_231,3,231,Lý Ngọc Hạnh,Phố Nhớ (475),Rap
46,ID_597,4,597,Lê Quang Hà,Kỷ Niệm Mơ (635),Ballad
46,ID_30,3,30,Hồ Phương Đông,Mưa Lạ (530),Indie
46,ID_323,5,323,Đặng Thị Huy,Giấc Mơ Mơ (151),Rock
46,ID_62,5,62,Hồ Thị Huy,Biển Đau (283),Rap
46,ID_235,4,235,Hồ Khánh Sơn,Lời Yêu Xa (742),Bolero
46,ID_130,3,130,Bùi Thị Quân,Trăng Vui (977),Pop
46,ID_497,4,497,Trương Quang Phúc,Gió Rơi (627),Ballad
46,ID_143,4,143,Lý Minh Lan,Giấc Mơ Đau (316),Ballad
46,ID_401,3,401,Dương Tuấn Trang,Lời Yêu Thương (194),Bolero
46,ID_290,4,290,Phan Xuân Quân,Kỷ Niệm Rơi (842),Jazz
46,ID_286,4,286,Bùi Minh Cường,Hoa Thương (814),Rap
46,ID_161,3,161,Phạm Ngọc Sơn,Lời Yêu Say (253),R&B
46,ID_441,3,441,Trương Văn Quân,Mưa Buồn (549),Indie
46,ID_390,3,390,Trần Văn Linh,Mưa Rơi (252),Jazz
46,ID_297,3,297,Trần Tuấn Đông,Trăng Lặng (707),Jazz
46,ID_600,3,600,Đặng Khánh Hạnh,Đường Nhớ (376),Pop
46,ID_524,5,524,Trần Văn Linh,Phố Đau (240),Bolero
46,ID_372,4,372,Lê Văn Dũng,Giấc Mơ Xa (955),Dance
46,ID_146,5,146,Phan Anh Mai,Trăng Xa (711),Pop
46,ID_267,4,267,Ngô Văn Hạnh,Phố Say (702),Jazz
46,ID_142,3,142,Lý Anh Quân,Nắng Say (530),Indie
46,ID_253,5,253,Vũ Xuân Tuấn,Tình Buồn (431),Dance
46,ID_583,5,583,Lý Thị Cường,Mây Vui (570),Rock
46,ID_184,3,184,Đặng Anh Phi,Kỷ Niệm Lạ (249),Dance
46,ID_29,4,29,Nguyễn Xuân Sơn,Gió Quên (125),Bolero
46,ID_16,3,16,Nguyễn Phương Mai,Tình Mơ (740),Jazz
46,ID_281,3,281,Trần Thị Nam,Nắng Lặng (874),Dance
46,ID_190,4,190,Trương Bảo Tâm,Lời Yêu Vui (642),Pop
47,ID_12,5,12,Lê Ngọc Dũng,Gió Xa (928),Rap
47,ID_487,5,487,Vũ Minh Quân,Giấc Mơ Mơ (169),Lo-fi
47,ID_505,5,505,Trương Tuấn Lan,Trăng Say (394),R&B
47,ID_370,4,370,Lý Quang Quân,Mưa Thương (158),Rap
47,ID_574,3,574,Dương Đức Tâm,Trăng Rơi (180),Ballad
47,ID_30,5,30,Hồ Phương Đông,Mưa Lạ (530),Indie
47,ID_463,5,463,Bùi Tuấn Sơn,Nắng Say (342),Rap
47,ID_240,4,240,Lê Quang Mai,Phố Lạ (482),Dance
47,ID_140,4,140,Lý Văn Trang,Mây Thương (544),Pop
47,ID_15,5,15,Đặng Quang Hương,Hoa Lạ (615),Ballad
47,ID_258,5,258,Đỗ Minh Trang,Biển Nhớ (144),R&B
47,ID_581,4,581,Hồ Anh Tuấn,Giấc Mơ Quên (973),Dance
47,ID_276,4,276,Phan Minh Dũng,Nắng Buồn (296),Ballad
47,ID_74,4,74,Phạm Hữu Phi,Đường Quên (290),Jazz
47,ID_415,4,415,Hồ Đức Tuấn,Giấc Mơ Vui (469),Lo-fi
47,ID_202,3,202,Lý Tuấn Tuấn,Hoa Mơ (480),R&B
47,ID_570,5,570,Phan Đức Hạnh,Mây Thương (416),Dance
47,ID_475,4,475,Đặng Hữu Hà,Mưa Rơi (849),Rap
47,ID_535,4,535,Đỗ Thị Mai,Tình Mơ (448),Bolero
47,ID_532,4,532,Dương Xuân Nam,Kỷ Niệm Xa (936),Bolero
47,ID_273,3,273,Hồ Bảo Huy,Nắng Say (104),Pop
47,ID_259,5,259,Trương Hữu Cường,Tình Vui (147),R&B
47,ID_473,3,473,Dương Quang Hương,Biển Say (591),Jazz
47,ID_450,4,450,Trương Quang Đông,Kỷ Niệm Say (988),Pop
47,ID_588,5,588,Vũ Xuân Cường,Gió Nhớ (552),Ballad
47,ID_420,3,420,Đỗ Hữu Hà,Giấc Mơ Đau (742),Jazz
47,ID_322,5,322,Ngô Hữu Dũng,Nắng Đau (654),Pop
47,ID_529,4,529,Dương Khánh Dũng,Mưa Quên (514),Ballad
47,ID_356,3,356,Vũ Văn Linh,Phố Nhớ (753),Bolero
47,ID_383,4,383,Lê Quang Dũng,Giấc Mơ Rơi (844),Dance
47,ID_234,4,234,Lý Thị Dũng,Mưa Vui (864),Lo-fi
47,ID_267,4,267,Ngô Văn Hạnh,Phố Say (702),Jazz
47,ID_397,4,397,Lý Phương Tuấn,Trăng Mơ (623),Lo-fi
47,ID_571,3,571,Vũ Xuân Quân,Lời Yêu Buồn (357),Pop
47,ID_215,3,215,Phạm Văn Đông,Biển Lạ (643),R&B
47,ID_214,4,214,Phạm Văn Hạnh,Lời Yêu Lặng (840),Jazz
47,ID_396,3,396,Bùi Hữu Phi,Kỷ Niệm Sầu (550),Dance
47,ID_499,4,499,Ngô Hữu Linh,Mây Quên (138),R&B
47,ID_70,3,70,Đặng Tuấn Sơn,Biển Rơi (400),R&B
47,ID_435,5,435,Phan Phương Trang,Mưa Sầu (592),Pop
48,ID_143,3,143,Lý Minh Lan,Giấc Mơ Đau (316),Ballad
48,ID_155,5,155,Hồ Thị Mai,Tình Nhớ (952),Indie
48,ID_118,4,118,Trương Xuân Dũng,Trăng Đau (709),R&B
48,ID_228,3,228,Đỗ Tuấn Phi,Hoa Thương (608),Jazz
48,ID_17,3,17,Phạm Hữu Cường,Kỷ Niệm Lạ (819),Ballad
48,ID_72,3,72,Trương Tuấn Sơn,Gió Rơi (843),Jazz
48,ID_314,3,314,Lý Anh Sơn,Tình Xa (782),R&B
48,ID_461,4,461,Dương Minh Dũng,Hoa Say (500),Rap
48,ID_463,5,463,Bùi Tuấn Sơn,Nắng Say (342),Rap
48,ID_326,3,326,Trần Khánh Quân,Lời Yêu Quên (367),R&B
48,ID_392,3,392,Hoàng Đức Tuấn,Nắng Rơi (813),Bolero
48,ID_89,4,89,Hoàng Văn Sơn,Giấc Mơ Rơi (778),Jazz
48,ID_436,4,436,Nguyễn Phương Hương,Phố Vui (372),Rap
48,ID_304,4,304,Dương Xuân Phúc,Đường Xa (125),Bolero
48,ID_251,5,251,Dương Quang Hà,Giấc Mơ Xa (316),Rock
48,ID_139,4,139,Ngô Anh Cường,Nắng Xa (944),Bolero
48,ID_290,5,290,Phan Xuân Quân,Kỷ Niệm Rơi (842),Jazz
48,ID_515,5,515,Ngô Phương Linh,Giấc Mơ Lặng (485),Dance
48,ID_381,4,381,Nguyễn Hữu Hà,Hoa Buồn (514),Ballad
48,ID_310,4,310,Phạm Xuân Tuấn,Phố Lạ (393),Ballad
48,ID_90,5,90,Hồ Anh Linh,Đường Quên (117),Indie
48,ID_111,5,111,Lê Xuân Quân,Nắng Đau (112),Rap
48,ID_549,3,549,Đặng Bảo Linh,Tình Nhớ (923),Ballad
48,ID_420,4,420,Đỗ Hữu Hà,Giấc Mơ Đau (742),Jazz
48,ID_391,3,391,Lý Khánh Linh,Lời Yêu Quên (300),Pop
48,ID_147,5,147,Trần Hữu Huy,Biển Lạ (680),Dance
48,ID_295,4,295,Phạm Anh Tuấn,Mây Sầu (399),Bolero
48,ID_354,5,354,Bùi Đức Mai,Giấc Mơ Quên (885),Indie
48,ID_126,3,126,Hoàng Phương Dũng,Kỷ Niệm Xa (942),Jazz
48,ID_418,4,418,Lý Phương Đông,Gió Mơ (226),Rap
48,ID_283,4,283,Đặng Ngọc Linh,Trăng Đau (743),Ballad
48,ID_53,5,53,Đặng Phương Quân,Biển Xa (294),Bolero
48,ID_287,4,287,Đặng Khánh Tuấn,Hoa Mơ (955),Indie
48,ID_148,4,148,Hoàng Văn Tâm,Nắng Thương (628),Rap
48,ID_220,3,220,Hồ Hữu Lan,Lời Yêu Sầu (954),Lo-fi
48,ID_401,5,401,Dương Tuấn Trang,Lời Yêu Thương (194),Bolero
48,ID_37,3,37,Lê Phương Quân,Mưa Lạ (181),Dance
48,ID_9,5,9,Phạm Anh Phúc,Gió Đau (622),Jazz
48,ID_506,5,506,Nguyễn Quang Trang,Mưa Vui (196),Dance
48,ID_328,5,328,Bùi Tuấn Hạnh,Hoa Buồn (697),Rock
49,ID_408,5,408,Lý Anh Huy,Phố Vui (925),Pop
49,ID_574,5,574,Dương Đức Tâm,Trăng Rơi (180),Ballad
49,ID_29,5,29,Nguyễn Xuân Sơn,Gió Quên (125),Bolero
49,ID_267,4,267,Ngô Văn Hạnh,Phố Say (702),Jazz
49,ID_553,3,553,Trương Quang Hương,Mưa Lặng (241),R&B
49,ID_322,5,322,Ngô Hữu Dũng,Nắng Đau (654),Pop
49,ID_206,4,206,Phạm Hữu Sơn,Mây Rơi (266),Pop
49,ID_35,4,35,Trần Văn Huy,Lời Yêu Quên (202),Dance
49,ID_139,4,139,Ngô Anh Cường,Nắng Xa (944),Bolero
49,ID_330,5,330,Hồ Minh Phúc,Kỷ Niệm Rơi (872),Indie
49,ID_475,3,475,Đặng Hữu Hà,Mưa Rơi (849),Rap
49,ID_9,4,9,Phạm Anh Phúc,Gió Đau (622),Jazz
49,ID_578,5,578,Phan Đức Đông,Mây Say (360),Ballad
49,ID_538,5,538,Nguyễn Tuấn Trang,Đường Say (841),Indie
49,ID_144,4,144,Hoàng Phương Lan,Gió Rơi (247),Dance
49,ID_333,4,333,Phan Xuân Hạnh,Lời Yêu Sầu (252),Bolero
49,ID_114,5,114,Hoàng Anh Mai,Hoa Sầu (837),Indie
49,ID_229,5,229,Hồ Đức Tâm,Biển Quên (730),Rap
49,ID_257,3,257,Vũ Tuấn Nam,Mưa Đau (784),R&B
49,ID_46,3,46,Lê Ngọc Tuấn,Mưa Thương (367),R&B
49,ID_405,3,405,Dương Ngọc Hương,Biển Quên (895),Ballad
49,ID_282,4,282,Trần Văn Hạnh,Giấc Mơ Mơ (101),R&B
49,ID_73,5,73,Trần Hữu Cường,Lời Yêu Say (118),R&B
49,ID_129,5,129,Nguyễn Ngọc Tuấn,Mây Lạ (232),R&B
49,ID_162,5,162,Dương Xuân Quân,Phố Buồn (708),Dance
49,ID_14,4,14,Lê Quang Sơn,Mưa Nhớ (338),Ballad
49,ID_255,5,255,Phan Phương Tâm,Mưa Thương (368),Pop
49,ID_359,3,359,Trần Xuân Linh,Nắng Rơi (878),Bolero
49,ID_352,3,352,Bùi Minh Tuấn,Biển Buồn (636),Lo-fi
49,ID_459,4,459,Ngô Anh Phúc,Trăng Sầu (382),Bolero
49,ID_549,3,549,Đặng Bảo Linh,Tình Nhớ (923),Ballad
49,ID_325,4,325,Vũ Khánh Tuấn,Gió Rơi (497),Indie
49,ID_199,4,199,Đỗ Văn Phi,Kỷ Niệm Đau (166),Jazz
49,ID_75,4,75,Nguyễn Quang Nam,Mây Rơi (820),Jazz
49,ID_387,5,387,Lý Xuân Dũng,Lời Yêu Buồn (956),Rock
49,ID_418,3,418,Lý Phương Đông,Gió Mơ (226),Rap
49,ID_587,4,587,Dương Ngọc Sơn,Đường Lặng (290),Ballad
49,ID_192,3,192,Vũ Anh Trang,Trăng Sầu (748),Rock
49,ID_298,3,298,Phan Quang Mai,Gió Rơi (465),Lo-fi
49,ID_80,5,80,Đỗ Đức Dũng,Tình Quên (801),Rock
50,ID_53,4,53,Đặng Phương Quân,Biển Xa (294),Bolero
50,ID_308,4,308,Vũ Tuấn Huy,Trăng Say (270),Bolero
50,ID_122,4,122,Đặng Anh Sơn,Phố Sầu (609),Jazz
50,ID_179,3,179,Đỗ Văn Đông,Biển Rơi (605),Pop
50,ID_96,5,96,Nguyễn Quang Tuấn,Mây Lạ (103),Bolero
50,ID_462,4,462,Phạm Xuân Tuấn,Hoa Say (846),Indie
50,ID_49,5,49,Hồ Hữu Hà,Lời Yêu Đau (721),Rap
50,ID_575,5,575,Hoàng Đức Quân,Mây Buồn (343),Lo-fi
50,ID_508,3,508,Đỗ Ngọc Hương,Nắng Vui (615),Indie
50,ID_493,4,493,Nguyễn Anh Mai,Kỷ Niệm Thương (662),R&B
50,ID_88,5,88,Lý Văn Dũng,Tình Sầu (460),Ballad
50,ID_467,4,467,Trần Anh Phúc,Nắng Thương (609),Pop
50,ID_351,3,351,Dương Quang Tuấn,Phố Vui (471),Pop
50,ID_98,3,98,Đặng Ngọc Sơn,Lời Yêu Say (803),Indie
50,ID_172,3,172,Trần Hữu Tâm,Lời Yêu Thương (431),Rock
50,ID_233,4,233,Lê Văn Trang,Phố Sầu (800),R&B
50,ID_355,4,355,Nguyễn Ngọc Quân,Mây Say (940),Pop
50,ID_518,3,518,Bùi Ngọc Mai,Lời Yêu Say (785),Pop
50,ID_547,4,547,Dương Khánh Nam,Biển Rơi (649),Indie
50,ID_422,3,422,Lê Ngọc Phúc,Gió Mơ (389),Dance
50,ID_523,4,523,Phan Đức Tuấn,Lời Yêu Lạ (979),R&B
50,ID_231,5,231,Lý Ngọc Hạnh,Phố Nhớ (475),Rap
50,ID_279,4,279,Ngô Minh Tuấn,Trăng Nhớ (144),Rock
50,ID_258,3,258,Đỗ Minh Trang,Biển Nhớ (144),R&B
50,ID_384,3,384,Lý Tuấn Huy,Nắng Xa (282),Bolero
50,ID_160,3,160,Lê Tuấn Sơn,Đường Rơi (900),Rock
50,ID_396,3,396,Bùi Hữu Phi,Kỷ Niệm Sầu (550),Dance
50,ID_217,5,217,Phạm Thị Huy,Mưa Buồn (736),Dance
50,ID_320,3,320,Hoàng Xuân Dũng,Biển Sầu (298),R&B
50,ID_368,5,368,Nguyễn Đức Hương,Giấc Mơ Lạ (604),Indie
50,ID_411,4,411,Lý Ngọc Phúc,Phố Lạ (305),R&B
50,ID_428,4,428,Hoàng Văn Sơn,Biển Say (216),Dance
50,ID_76,3,76,Trương Khánh Cường,Phố Buồn (987),Jazz
50,ID_56,4,56,Đặng Xuân Sơn,Đường Quên (510),Rock
50,ID_324,5,324,Lê Minh Tâm,Phố Xa (858),Lo-fi
50,ID_535,4,535,Đỗ Thị Mai,Tình Mơ (448),Bolero
50,ID_287,4,287,Đặng Khánh Tuấn,Hoa Mơ (955),Indie
50,ID_383,3,383,Lê Quang Dũng,Giấc Mơ Rơi (844),Dance
50,ID_176,3,176,Đỗ Tuấn Hà,Kỷ Niệm Say (979),Rock
50,ID_475,3,475,Đặng Hữu Hà,Mưa Rơi (849),Rap
